tensor_name,internal_name,source_role,role,target,model_note,layer,dtype_or_quant_type,gguf_shape,gguf_nbytes,in_features,out_features,q8_0_blocks_per_row,lanes,padded_out_features,row_padding,row_groups,scale_bytes,weight_bytes,total_packet_bytes,output_bytes,mac_count,scale_beats_32,weight_beats_32,total_beats_32,lane_utilization_estimate,stream_cycles_32_74mhz,stream_us_32_74mhz,scale_beats_128,weight_beats_128,total_beats_128,stream_cycles_128_74mhz,stream_us_128_74mhz,stream_cycles_128_50mhz,stream_us_128_50mhz,speedup_128_vs_32,mac_cycles_16lane_estimate,mac_us_16lane_74mhz_estimate,pure_stream_compute_us_32_74mhz,pure_stream_compute_us_128_74mhz,single_fixed_overhead_us,single_total_us_32_74mhz,single_total_us_128_74mhz,batch8_fixed_overhead_us,batch8_total_us_32_74mhz,batch8_total_us_128_74mhz,batch16_fixed_overhead_us,batch16_total_us_32_74mhz,batch16_total_us_128_74mhz,batch64_fixed_overhead_us,batch64_total_us_32_74mhz,batch64_total_us_128_74mhz
blk.0.attn_q.weight,layer_0_q_proj,attention_q_projection,attention_q_projection,q_proj,,0,Q8_0,"[576,576]",352512,576,576,18,16,576,0,36,41472,331776,373248,2304,331776,10368,82944,93312,1.000000,93312,1260.972973,2592,20736,23328,23328,315.243243,23328,466.560000,4.000000,20736,280.216216,1260.972973,315.243243,246.000000,1506.972973,561.243243,30.750000,1291.722973,345.993243,15.375000,1276.347973,330.618243,3.843750,1264.816723,319.086993
blk.0.attn_k.weight,layer_0_k_proj,attention_k_projection,attention_k_projection,k_proj,,0,Q8_0,"[576,192]",117504,576,192,18,16,192,0,12,13824,110592,124416,768,110592,3456,27648,31104,1.000000,31104,420.324324,864,6912,7776,7776,105.081081,7776,155.520000,4.000000,6912,93.405405,420.324324,105.081081,246.000000,666.324324,351.081081,30.750000,451.074324,135.831081,15.375000,435.699324,120.456081,3.843750,424.168074,108.924831
blk.0.attn_v.weight,layer_0_v_proj,attention_v_projection,attention_v_projection,v_proj,,0,Q8_0,"[576,192]",117504,576,192,18,16,192,0,12,13824,110592,124416,768,110592,3456,27648,31104,1.000000,31104,420.324324,864,6912,7776,7776,105.081081,7776,155.520000,4.000000,6912,93.405405,420.324324,105.081081,246.000000,666.324324,351.081081,30.750000,451.074324,135.831081,15.375000,435.699324,120.456081,3.843750,424.168074,108.924831
blk.0.attn_output.weight,layer_0_o_proj,attention_output_projection,attention_output_projection,o_proj,,0,Q8_0,"[576,576]",352512,576,576,18,16,576,0,36,41472,331776,373248,2304,331776,10368,82944,93312,1.000000,93312,1260.972973,2592,20736,23328,23328,315.243243,23328,466.560000,4.000000,20736,280.216216,1260.972973,315.243243,246.000000,1506.972973,561.243243,30.750000,1291.722973,345.993243,15.375000,1276.347973,330.618243,3.843750,1264.816723,319.086993
blk.0.ffn_gate.weight,layer_0_gate_proj,mlp_gate_projection,mlp_gate_projection,gate_proj,,0,Q8_0,"[576,1536]",940032,576,1536,18,16,1536,0,96,110592,884736,995328,6144,884736,27648,221184,248832,1.000000,248832,3362.594595,6912,55296,62208,62208,840.648649,62208,1244.160000,4.000000,55296,747.243243,3362.594595,840.648649,246.000000,3608.594595,1086.648649,30.750000,3393.344595,871.398649,15.375000,3377.969595,856.023649,3.843750,3366.438345,844.492399
blk.0.ffn_up.weight,layer_0_up_proj,mlp_up_projection,mlp_up_projection,up_proj,,0,Q8_0,"[576,1536]",940032,576,1536,18,16,1536,0,96,110592,884736,995328,6144,884736,27648,221184,248832,1.000000,248832,3362.594595,6912,55296,62208,62208,840.648649,62208,1244.160000,4.000000,55296,747.243243,3362.594595,840.648649,246.000000,3608.594595,1086.648649,30.750000,3393.344595,871.398649,15.375000,3377.969595,856.023649,3.843750,3366.438345,844.492399
blk.0.ffn_down.weight,layer_0_down_proj,mlp_down_projection,mlp_down_projection,down_proj,,0,Q8_0,"[1536,576]",940032,1536,576,48,16,576,0,36,110592,884736,995328,2304,884736,27648,221184,248832,1.000000,248832,3362.594595,6912,55296,62208,62208,840.648649,62208,1244.160000,4.000000,55296,747.243243,3362.594595,840.648649,246.000000,3608.594595,1086.648649,30.750000,3393.344595,871.398649,15.375000,3377.969595,856.023649,3.843750,3366.438345,844.492399
blk.1.attn_q.weight,layer_1_q_proj,attention_q_projection,attention_q_projection,q_proj,,1,Q8_0,"[576,576]",352512,576,576,18,16,576,0,36,41472,331776,373248,2304,331776,10368,82944,93312,1.000000,93312,1260.972973,2592,20736,23328,23328,315.243243,23328,466.560000,4.000000,20736,280.216216,1260.972973,315.243243,246.000000,1506.972973,561.243243,30.750000,1291.722973,345.993243,15.375000,1276.347973,330.618243,3.843750,1264.816723,319.086993
blk.1.attn_k.weight,layer_1_k_proj,attention_k_projection,attention_k_projection,k_proj,,1,Q8_0,"[576,192]",117504,576,192,18,16,192,0,12,13824,110592,124416,768,110592,3456,27648,31104,1.000000,31104,420.324324,864,6912,7776,7776,105.081081,7776,155.520000,4.000000,6912,93.405405,420.324324,105.081081,246.000000,666.324324,351.081081,30.750000,451.074324,135.831081,15.375000,435.699324,120.456081,3.843750,424.168074,108.924831
blk.1.attn_v.weight,layer_1_v_proj,attention_v_projection,attention_v_projection,v_proj,,1,Q8_0,"[576,192]",117504,576,192,18,16,192,0,12,13824,110592,124416,768,110592,3456,27648,31104,1.000000,31104,420.324324,864,6912,7776,7776,105.081081,7776,155.520000,4.000000,6912,93.405405,420.324324,105.081081,246.000000,666.324324,351.081081,30.750000,451.074324,135.831081,15.375000,435.699324,120.456081,3.843750,424.168074,108.924831
blk.1.attn_output.weight,layer_1_o_proj,attention_output_projection,attention_output_projection,o_proj,,1,Q8_0,"[576,576]",352512,576,576,18,16,576,0,36,41472,331776,373248,2304,331776,10368,82944,93312,1.000000,93312,1260.972973,2592,20736,23328,23328,315.243243,23328,466.560000,4.000000,20736,280.216216,1260.972973,315.243243,246.000000,1506.972973,561.243243,30.750000,1291.722973,345.993243,15.375000,1276.347973,330.618243,3.843750,1264.816723,319.086993
blk.1.ffn_gate.weight,layer_1_gate_proj,mlp_gate_projection,mlp_gate_projection,gate_proj,,1,Q8_0,"[576,1536]",940032,576,1536,18,16,1536,0,96,110592,884736,995328,6144,884736,27648,221184,248832,1.000000,248832,3362.594595,6912,55296,62208,62208,840.648649,62208,1244.160000,4.000000,55296,747.243243,3362.594595,840.648649,246.000000,3608.594595,1086.648649,30.750000,3393.344595,871.398649,15.375000,3377.969595,856.023649,3.843750,3366.438345,844.492399
blk.1.ffn_up.weight,layer_1_up_proj,mlp_up_projection,mlp_up_projection,up_proj,,1,Q8_0,"[576,1536]",940032,576,1536,18,16,1536,0,96,110592,884736,995328,6144,884736,27648,221184,248832,1.000000,248832,3362.594595,6912,55296,62208,62208,840.648649,62208,1244.160000,4.000000,55296,747.243243,3362.594595,840.648649,246.000000,3608.594595,1086.648649,30.750000,3393.344595,871.398649,15.375000,3377.969595,856.023649,3.843750,3366.438345,844.492399
blk.1.ffn_down.weight,layer_1_down_proj,mlp_down_projection,mlp_down_projection,down_proj,,1,Q8_0,"[1536,576]",940032,1536,576,48,16,576,0,36,110592,884736,995328,2304,884736,27648,221184,248832,1.000000,248832,3362.594595,6912,55296,62208,62208,840.648649,62208,1244.160000,4.000000,55296,747.243243,3362.594595,840.648649,246.000000,3608.594595,1086.648649,30.750000,3393.344595,871.398649,15.375000,3377.969595,856.023649,3.843750,3366.438345,844.492399
blk.2.attn_q.weight,layer_2_q_proj,attention_q_projection,attention_q_projection,q_proj,,2,Q8_0,"[576,576]",352512,576,576,18,16,576,0,36,41472,331776,373248,2304,331776,10368,82944,93312,1.000000,93312,1260.972973,2592,20736,23328,23328,315.243243,23328,466.560000,4.000000,20736,280.216216,1260.972973,315.243243,246.000000,1506.972973,561.243243,30.750000,1291.722973,345.993243,15.375000,1276.347973,330.618243,3.843750,1264.816723,319.086993
blk.2.attn_k.weight,layer_2_k_proj,attention_k_projection,attention_k_projection,k_proj,,2,Q8_0,"[576,192]",117504,576,192,18,16,192,0,12,13824,110592,124416,768,110592,3456,27648,31104,1.000000,31104,420.324324,864,6912,7776,7776,105.081081,7776,155.520000,4.000000,6912,93.405405,420.324324,105.081081,246.000000,666.324324,351.081081,30.750000,451.074324,135.831081,15.375000,435.699324,120.456081,3.843750,424.168074,108.924831
blk.2.attn_v.weight,layer_2_v_proj,attention_v_projection,attention_v_projection,v_proj,,2,Q8_0,"[576,192]",117504,576,192,18,16,192,0,12,13824,110592,124416,768,110592,3456,27648,31104,1.000000,31104,420.324324,864,6912,7776,7776,105.081081,7776,155.520000,4.000000,6912,93.405405,420.324324,105.081081,246.000000,666.324324,351.081081,30.750000,451.074324,135.831081,15.375000,435.699324,120.456081,3.843750,424.168074,108.924831
blk.2.attn_output.weight,layer_2_o_proj,attention_output_projection,attention_output_projection,o_proj,,2,Q8_0,"[576,576]",352512,576,576,18,16,576,0,36,41472,331776,373248,2304,331776,10368,82944,93312,1.000000,93312,1260.972973,2592,20736,23328,23328,315.243243,23328,466.560000,4.000000,20736,280.216216,1260.972973,315.243243,246.000000,1506.972973,561.243243,30.750000,1291.722973,345.993243,15.375000,1276.347973,330.618243,3.843750,1264.816723,319.086993
blk.2.ffn_gate.weight,layer_2_gate_proj,mlp_gate_projection,mlp_gate_projection,gate_proj,,2,Q8_0,"[576,1536]",940032,576,1536,18,16,1536,0,96,110592,884736,995328,6144,884736,27648,221184,248832,1.000000,248832,3362.594595,6912,55296,62208,62208,840.648649,62208,1244.160000,4.000000,55296,747.243243,3362.594595,840.648649,246.000000,3608.594595,1086.648649,30.750000,3393.344595,871.398649,15.375000,3377.969595,856.023649,3.843750,3366.438345,844.492399
blk.2.ffn_up.weight,layer_2_up_proj,mlp_up_projection,mlp_up_projection,up_proj,,2,Q8_0,"[576,1536]",940032,576,1536,18,16,1536,0,96,110592,884736,995328,6144,884736,27648,221184,248832,1.000000,248832,3362.594595,6912,55296,62208,62208,840.648649,62208,1244.160000,4.000000,55296,747.243243,3362.594595,840.648649,246.000000,3608.594595,1086.648649,30.750000,3393.344595,871.398649,15.375000,3377.969595,856.023649,3.843750,3366.438345,844.492399
blk.2.ffn_down.weight,layer_2_down_proj,mlp_down_projection,mlp_down_projection,down_proj,,2,Q8_0,"[1536,576]",940032,1536,576,48,16,576,0,36,110592,884736,995328,2304,884736,27648,221184,248832,1.000000,248832,3362.594595,6912,55296,62208,62208,840.648649,62208,1244.160000,4.000000,55296,747.243243,3362.594595,840.648649,246.000000,3608.594595,1086.648649,30.750000,3393.344595,871.398649,15.375000,3377.969595,856.023649,3.843750,3366.438345,844.492399
blk.3.attn_q.weight,layer_3_q_proj,attention_q_projection,attention_q_projection,q_proj,,3,Q8_0,"[576,576]",352512,576,576,18,16,576,0,36,41472,331776,373248,2304,331776,10368,82944,93312,1.000000,93312,1260.972973,2592,20736,23328,23328,315.243243,23328,466.560000,4.000000,20736,280.216216,1260.972973,315.243243,246.000000,1506.972973,561.243243,30.750000,1291.722973,345.993243,15.375000,1276.347973,330.618243,3.843750,1264.816723,319.086993
blk.3.attn_k.weight,layer_3_k_proj,attention_k_projection,attention_k_projection,k_proj,,3,Q8_0,"[576,192]",117504,576,192,18,16,192,0,12,13824,110592,124416,768,110592,3456,27648,31104,1.000000,31104,420.324324,864,6912,7776,7776,105.081081,7776,155.520000,4.000000,6912,93.405405,420.324324,105.081081,246.000000,666.324324,351.081081,30.750000,451.074324,135.831081,15.375000,435.699324,120.456081,3.843750,424.168074,108.924831
blk.3.attn_v.weight,layer_3_v_proj,attention_v_projection,attention_v_projection,v_proj,,3,Q8_0,"[576,192]",117504,576,192,18,16,192,0,12,13824,110592,124416,768,110592,3456,27648,31104,1.000000,31104,420.324324,864,6912,7776,7776,105.081081,7776,155.520000,4.000000,6912,93.405405,420.324324,105.081081,246.000000,666.324324,351.081081,30.750000,451.074324,135.831081,15.375000,435.699324,120.456081,3.843750,424.168074,108.924831
blk.3.attn_output.weight,layer_3_o_proj,attention_output_projection,attention_output_projection,o_proj,,3,Q8_0,"[576,576]",352512,576,576,18,16,576,0,36,41472,331776,373248,2304,331776,10368,82944,93312,1.000000,93312,1260.972973,2592,20736,23328,23328,315.243243,23328,466.560000,4.000000,20736,280.216216,1260.972973,315.243243,246.000000,1506.972973,561.243243,30.750000,1291.722973,345.993243,15.375000,1276.347973,330.618243,3.843750,1264.816723,319.086993
blk.3.ffn_gate.weight,layer_3_gate_proj,mlp_gate_projection,mlp_gate_projection,gate_proj,,3,Q8_0,"[576,1536]",940032,576,1536,18,16,1536,0,96,110592,884736,995328,6144,884736,27648,221184,248832,1.000000,248832,3362.594595,6912,55296,62208,62208,840.648649,62208,1244.160000,4.000000,55296,747.243243,3362.594595,840.648649,246.000000,3608.594595,1086.648649,30.750000,3393.344595,871.398649,15.375000,3377.969595,856.023649,3.843750,3366.438345,844.492399
blk.3.ffn_up.weight,layer_3_up_proj,mlp_up_projection,mlp_up_projection,up_proj,,3,Q8_0,"[576,1536]",940032,576,1536,18,16,1536,0,96,110592,884736,995328,6144,884736,27648,221184,248832,1.000000,248832,3362.594595,6912,55296,62208,62208,840.648649,62208,1244.160000,4.000000,55296,747.243243,3362.594595,840.648649,246.000000,3608.594595,1086.648649,30.750000,3393.344595,871.398649,15.375000,3377.969595,856.023649,3.843750,3366.438345,844.492399
blk.3.ffn_down.weight,layer_3_down_proj,mlp_down_projection,mlp_down_projection,down_proj,,3,Q8_0,"[1536,576]",940032,1536,576,48,16,576,0,36,110592,884736,995328,2304,884736,27648,221184,248832,1.000000,248832,3362.594595,6912,55296,62208,62208,840.648649,62208,1244.160000,4.000000,55296,747.243243,3362.594595,840.648649,246.000000,3608.594595,1086.648649,30.750000,3393.344595,871.398649,15.375000,3377.969595,856.023649,3.843750,3366.438345,844.492399
blk.4.attn_q.weight,layer_4_q_proj,attention_q_projection,attention_q_projection,q_proj,,4,Q8_0,"[576,576]",352512,576,576,18,16,576,0,36,41472,331776,373248,2304,331776,10368,82944,93312,1.000000,93312,1260.972973,2592,20736,23328,23328,315.243243,23328,466.560000,4.000000,20736,280.216216,1260.972973,315.243243,246.000000,1506.972973,561.243243,30.750000,1291.722973,345.993243,15.375000,1276.347973,330.618243,3.843750,1264.816723,319.086993
blk.4.attn_k.weight,layer_4_k_proj,attention_k_projection,attention_k_projection,k_proj,,4,Q8_0,"[576,192]",117504,576,192,18,16,192,0,12,13824,110592,124416,768,110592,3456,27648,31104,1.000000,31104,420.324324,864,6912,7776,7776,105.081081,7776,155.520000,4.000000,6912,93.405405,420.324324,105.081081,246.000000,666.324324,351.081081,30.750000,451.074324,135.831081,15.375000,435.699324,120.456081,3.843750,424.168074,108.924831
blk.4.attn_v.weight,layer_4_v_proj,attention_v_projection,attention_v_projection,v_proj,,4,Q8_0,"[576,192]",117504,576,192,18,16,192,0,12,13824,110592,124416,768,110592,3456,27648,31104,1.000000,31104,420.324324,864,6912,7776,7776,105.081081,7776,155.520000,4.000000,6912,93.405405,420.324324,105.081081,246.000000,666.324324,351.081081,30.750000,451.074324,135.831081,15.375000,435.699324,120.456081,3.843750,424.168074,108.924831
blk.4.attn_output.weight,layer_4_o_proj,attention_output_projection,attention_output_projection,o_proj,,4,Q8_0,"[576,576]",352512,576,576,18,16,576,0,36,41472,331776,373248,2304,331776,10368,82944,93312,1.000000,93312,1260.972973,2592,20736,23328,23328,315.243243,23328,466.560000,4.000000,20736,280.216216,1260.972973,315.243243,246.000000,1506.972973,561.243243,30.750000,1291.722973,345.993243,15.375000,1276.347973,330.618243,3.843750,1264.816723,319.086993
blk.4.ffn_gate.weight,layer_4_gate_proj,mlp_gate_projection,mlp_gate_projection,gate_proj,,4,Q8_0,"[576,1536]",940032,576,1536,18,16,1536,0,96,110592,884736,995328,6144,884736,27648,221184,248832,1.000000,248832,3362.594595,6912,55296,62208,62208,840.648649,62208,1244.160000,4.000000,55296,747.243243,3362.594595,840.648649,246.000000,3608.594595,1086.648649,30.750000,3393.344595,871.398649,15.375000,3377.969595,856.023649,3.843750,3366.438345,844.492399
blk.4.ffn_up.weight,layer_4_up_proj,mlp_up_projection,mlp_up_projection,up_proj,,4,Q8_0,"[576,1536]",940032,576,1536,18,16,1536,0,96,110592,884736,995328,6144,884736,27648,221184,248832,1.000000,248832,3362.594595,6912,55296,62208,62208,840.648649,62208,1244.160000,4.000000,55296,747.243243,3362.594595,840.648649,246.000000,3608.594595,1086.648649,30.750000,3393.344595,871.398649,15.375000,3377.969595,856.023649,3.843750,3366.438345,844.492399
blk.4.ffn_down.weight,layer_4_down_proj,mlp_down_projection,mlp_down_projection,down_proj,,4,Q8_0,"[1536,576]",940032,1536,576,48,16,576,0,36,110592,884736,995328,2304,884736,27648,221184,248832,1.000000,248832,3362.594595,6912,55296,62208,62208,840.648649,62208,1244.160000,4.000000,55296,747.243243,3362.594595,840.648649,246.000000,3608.594595,1086.648649,30.750000,3393.344595,871.398649,15.375000,3377.969595,856.023649,3.843750,3366.438345,844.492399
blk.5.attn_q.weight,layer_5_q_proj,attention_q_projection,attention_q_projection,q_proj,,5,Q8_0,"[576,576]",352512,576,576,18,16,576,0,36,41472,331776,373248,2304,331776,10368,82944,93312,1.000000,93312,1260.972973,2592,20736,23328,23328,315.243243,23328,466.560000,4.000000,20736,280.216216,1260.972973,315.243243,246.000000,1506.972973,561.243243,30.750000,1291.722973,345.993243,15.375000,1276.347973,330.618243,3.843750,1264.816723,319.086993
blk.5.attn_k.weight,layer_5_k_proj,attention_k_projection,attention_k_projection,k_proj,,5,Q8_0,"[576,192]",117504,576,192,18,16,192,0,12,13824,110592,124416,768,110592,3456,27648,31104,1.000000,31104,420.324324,864,6912,7776,7776,105.081081,7776,155.520000,4.000000,6912,93.405405,420.324324,105.081081,246.000000,666.324324,351.081081,30.750000,451.074324,135.831081,15.375000,435.699324,120.456081,3.843750,424.168074,108.924831
blk.5.attn_v.weight,layer_5_v_proj,attention_v_projection,attention_v_projection,v_proj,,5,Q8_0,"[576,192]",117504,576,192,18,16,192,0,12,13824,110592,124416,768,110592,3456,27648,31104,1.000000,31104,420.324324,864,6912,7776,7776,105.081081,7776,155.520000,4.000000,6912,93.405405,420.324324,105.081081,246.000000,666.324324,351.081081,30.750000,451.074324,135.831081,15.375000,435.699324,120.456081,3.843750,424.168074,108.924831
blk.5.attn_output.weight,layer_5_o_proj,attention_output_projection,attention_output_projection,o_proj,,5,Q8_0,"[576,576]",352512,576,576,18,16,576,0,36,41472,331776,373248,2304,331776,10368,82944,93312,1.000000,93312,1260.972973,2592,20736,23328,23328,315.243243,23328,466.560000,4.000000,20736,280.216216,1260.972973,315.243243,246.000000,1506.972973,561.243243,30.750000,1291.722973,345.993243,15.375000,1276.347973,330.618243,3.843750,1264.816723,319.086993
blk.5.ffn_gate.weight,layer_5_gate_proj,mlp_gate_projection,mlp_gate_projection,gate_proj,,5,Q8_0,"[576,1536]",940032,576,1536,18,16,1536,0,96,110592,884736,995328,6144,884736,27648,221184,248832,1.000000,248832,3362.594595,6912,55296,62208,62208,840.648649,62208,1244.160000,4.000000,55296,747.243243,3362.594595,840.648649,246.000000,3608.594595,1086.648649,30.750000,3393.344595,871.398649,15.375000,3377.969595,856.023649,3.843750,3366.438345,844.492399
blk.5.ffn_up.weight,layer_5_up_proj,mlp_up_projection,mlp_up_projection,up_proj,,5,Q8_0,"[576,1536]",940032,576,1536,18,16,1536,0,96,110592,884736,995328,6144,884736,27648,221184,248832,1.000000,248832,3362.594595,6912,55296,62208,62208,840.648649,62208,1244.160000,4.000000,55296,747.243243,3362.594595,840.648649,246.000000,3608.594595,1086.648649,30.750000,3393.344595,871.398649,15.375000,3377.969595,856.023649,3.843750,3366.438345,844.492399
blk.5.ffn_down.weight,layer_5_down_proj,mlp_down_projection,mlp_down_projection,down_proj,,5,Q8_0,"[1536,576]",940032,1536,576,48,16,576,0,36,110592,884736,995328,2304,884736,27648,221184,248832,1.000000,248832,3362.594595,6912,55296,62208,62208,840.648649,62208,1244.160000,4.000000,55296,747.243243,3362.594595,840.648649,246.000000,3608.594595,1086.648649,30.750000,3393.344595,871.398649,15.375000,3377.969595,856.023649,3.843750,3366.438345,844.492399
blk.6.attn_q.weight,layer_6_q_proj,attention_q_projection,attention_q_projection,q_proj,,6,Q8_0,"[576,576]",352512,576,576,18,16,576,0,36,41472,331776,373248,2304,331776,10368,82944,93312,1.000000,93312,1260.972973,2592,20736,23328,23328,315.243243,23328,466.560000,4.000000,20736,280.216216,1260.972973,315.243243,246.000000,1506.972973,561.243243,30.750000,1291.722973,345.993243,15.375000,1276.347973,330.618243,3.843750,1264.816723,319.086993
blk.6.attn_k.weight,layer_6_k_proj,attention_k_projection,attention_k_projection,k_proj,,6,Q8_0,"[576,192]",117504,576,192,18,16,192,0,12,13824,110592,124416,768,110592,3456,27648,31104,1.000000,31104,420.324324,864,6912,7776,7776,105.081081,7776,155.520000,4.000000,6912,93.405405,420.324324,105.081081,246.000000,666.324324,351.081081,30.750000,451.074324,135.831081,15.375000,435.699324,120.456081,3.843750,424.168074,108.924831
blk.6.attn_v.weight,layer_6_v_proj,attention_v_projection,attention_v_projection,v_proj,,6,Q8_0,"[576,192]",117504,576,192,18,16,192,0,12,13824,110592,124416,768,110592,3456,27648,31104,1.000000,31104,420.324324,864,6912,7776,7776,105.081081,7776,155.520000,4.000000,6912,93.405405,420.324324,105.081081,246.000000,666.324324,351.081081,30.750000,451.074324,135.831081,15.375000,435.699324,120.456081,3.843750,424.168074,108.924831
blk.6.attn_output.weight,layer_6_o_proj,attention_output_projection,attention_output_projection,o_proj,,6,Q8_0,"[576,576]",352512,576,576,18,16,576,0,36,41472,331776,373248,2304,331776,10368,82944,93312,1.000000,93312,1260.972973,2592,20736,23328,23328,315.243243,23328,466.560000,4.000000,20736,280.216216,1260.972973,315.243243,246.000000,1506.972973,561.243243,30.750000,1291.722973,345.993243,15.375000,1276.347973,330.618243,3.843750,1264.816723,319.086993
blk.6.ffn_gate.weight,layer_6_gate_proj,mlp_gate_projection,mlp_gate_projection,gate_proj,,6,Q8_0,"[576,1536]",940032,576,1536,18,16,1536,0,96,110592,884736,995328,6144,884736,27648,221184,248832,1.000000,248832,3362.594595,6912,55296,62208,62208,840.648649,62208,1244.160000,4.000000,55296,747.243243,3362.594595,840.648649,246.000000,3608.594595,1086.648649,30.750000,3393.344595,871.398649,15.375000,3377.969595,856.023649,3.843750,3366.438345,844.492399
blk.6.ffn_up.weight,layer_6_up_proj,mlp_up_projection,mlp_up_projection,up_proj,,6,Q8_0,"[576,1536]",940032,576,1536,18,16,1536,0,96,110592,884736,995328,6144,884736,27648,221184,248832,1.000000,248832,3362.594595,6912,55296,62208,62208,840.648649,62208,1244.160000,4.000000,55296,747.243243,3362.594595,840.648649,246.000000,3608.594595,1086.648649,30.750000,3393.344595,871.398649,15.375000,3377.969595,856.023649,3.843750,3366.438345,844.492399
blk.6.ffn_down.weight,layer_6_down_proj,mlp_down_projection,mlp_down_projection,down_proj,,6,Q8_0,"[1536,576]",940032,1536,576,48,16,576,0,36,110592,884736,995328,2304,884736,27648,221184,248832,1.000000,248832,3362.594595,6912,55296,62208,62208,840.648649,62208,1244.160000,4.000000,55296,747.243243,3362.594595,840.648649,246.000000,3608.594595,1086.648649,30.750000,3393.344595,871.398649,15.375000,3377.969595,856.023649,3.843750,3366.438345,844.492399
blk.7.attn_q.weight,layer_7_q_proj,attention_q_projection,attention_q_projection,q_proj,,7,Q8_0,"[576,576]",352512,576,576,18,16,576,0,36,41472,331776,373248,2304,331776,10368,82944,93312,1.000000,93312,1260.972973,2592,20736,23328,23328,315.243243,23328,466.560000,4.000000,20736,280.216216,1260.972973,315.243243,246.000000,1506.972973,561.243243,30.750000,1291.722973,345.993243,15.375000,1276.347973,330.618243,3.843750,1264.816723,319.086993
blk.7.attn_k.weight,layer_7_k_proj,attention_k_projection,attention_k_projection,k_proj,,7,Q8_0,"[576,192]",117504,576,192,18,16,192,0,12,13824,110592,124416,768,110592,3456,27648,31104,1.000000,31104,420.324324,864,6912,7776,7776,105.081081,7776,155.520000,4.000000,6912,93.405405,420.324324,105.081081,246.000000,666.324324,351.081081,30.750000,451.074324,135.831081,15.375000,435.699324,120.456081,3.843750,424.168074,108.924831
blk.7.attn_v.weight,layer_7_v_proj,attention_v_projection,attention_v_projection,v_proj,,7,Q8_0,"[576,192]",117504,576,192,18,16,192,0,12,13824,110592,124416,768,110592,3456,27648,31104,1.000000,31104,420.324324,864,6912,7776,7776,105.081081,7776,155.520000,4.000000,6912,93.405405,420.324324,105.081081,246.000000,666.324324,351.081081,30.750000,451.074324,135.831081,15.375000,435.699324,120.456081,3.843750,424.168074,108.924831
blk.7.attn_output.weight,layer_7_o_proj,attention_output_projection,attention_output_projection,o_proj,,7,Q8_0,"[576,576]",352512,576,576,18,16,576,0,36,41472,331776,373248,2304,331776,10368,82944,93312,1.000000,93312,1260.972973,2592,20736,23328,23328,315.243243,23328,466.560000,4.000000,20736,280.216216,1260.972973,315.243243,246.000000,1506.972973,561.243243,30.750000,1291.722973,345.993243,15.375000,1276.347973,330.618243,3.843750,1264.816723,319.086993
blk.7.ffn_gate.weight,layer_7_gate_proj,mlp_gate_projection,mlp_gate_projection,gate_proj,,7,Q8_0,"[576,1536]",940032,576,1536,18,16,1536,0,96,110592,884736,995328,6144,884736,27648,221184,248832,1.000000,248832,3362.594595,6912,55296,62208,62208,840.648649,62208,1244.160000,4.000000,55296,747.243243,3362.594595,840.648649,246.000000,3608.594595,1086.648649,30.750000,3393.344595,871.398649,15.375000,3377.969595,856.023649,3.843750,3366.438345,844.492399
blk.7.ffn_up.weight,layer_7_up_proj,mlp_up_projection,mlp_up_projection,up_proj,,7,Q8_0,"[576,1536]",940032,576,1536,18,16,1536,0,96,110592,884736,995328,6144,884736,27648,221184,248832,1.000000,248832,3362.594595,6912,55296,62208,62208,840.648649,62208,1244.160000,4.000000,55296,747.243243,3362.594595,840.648649,246.000000,3608.594595,1086.648649,30.750000,3393.344595,871.398649,15.375000,3377.969595,856.023649,3.843750,3366.438345,844.492399
blk.7.ffn_down.weight,layer_7_down_proj,mlp_down_projection,mlp_down_projection,down_proj,,7,Q8_0,"[1536,576]",940032,1536,576,48,16,576,0,36,110592,884736,995328,2304,884736,27648,221184,248832,1.000000,248832,3362.594595,6912,55296,62208,62208,840.648649,62208,1244.160000,4.000000,55296,747.243243,3362.594595,840.648649,246.000000,3608.594595,1086.648649,30.750000,3393.344595,871.398649,15.375000,3377.969595,856.023649,3.843750,3366.438345,844.492399
blk.8.attn_q.weight,layer_8_q_proj,attention_q_projection,attention_q_projection,q_proj,,8,Q8_0,"[576,576]",352512,576,576,18,16,576,0,36,41472,331776,373248,2304,331776,10368,82944,93312,1.000000,93312,1260.972973,2592,20736,23328,23328,315.243243,23328,466.560000,4.000000,20736,280.216216,1260.972973,315.243243,246.000000,1506.972973,561.243243,30.750000,1291.722973,345.993243,15.375000,1276.347973,330.618243,3.843750,1264.816723,319.086993
blk.8.attn_k.weight,layer_8_k_proj,attention_k_projection,attention_k_projection,k_proj,,8,Q8_0,"[576,192]",117504,576,192,18,16,192,0,12,13824,110592,124416,768,110592,3456,27648,31104,1.000000,31104,420.324324,864,6912,7776,7776,105.081081,7776,155.520000,4.000000,6912,93.405405,420.324324,105.081081,246.000000,666.324324,351.081081,30.750000,451.074324,135.831081,15.375000,435.699324,120.456081,3.843750,424.168074,108.924831
blk.8.attn_v.weight,layer_8_v_proj,attention_v_projection,attention_v_projection,v_proj,,8,Q8_0,"[576,192]",117504,576,192,18,16,192,0,12,13824,110592,124416,768,110592,3456,27648,31104,1.000000,31104,420.324324,864,6912,7776,7776,105.081081,7776,155.520000,4.000000,6912,93.405405,420.324324,105.081081,246.000000,666.324324,351.081081,30.750000,451.074324,135.831081,15.375000,435.699324,120.456081,3.843750,424.168074,108.924831
blk.8.attn_output.weight,layer_8_o_proj,attention_output_projection,attention_output_projection,o_proj,,8,Q8_0,"[576,576]",352512,576,576,18,16,576,0,36,41472,331776,373248,2304,331776,10368,82944,93312,1.000000,93312,1260.972973,2592,20736,23328,23328,315.243243,23328,466.560000,4.000000,20736,280.216216,1260.972973,315.243243,246.000000,1506.972973,561.243243,30.750000,1291.722973,345.993243,15.375000,1276.347973,330.618243,3.843750,1264.816723,319.086993
blk.8.ffn_gate.weight,layer_8_gate_proj,mlp_gate_projection,mlp_gate_projection,gate_proj,,8,Q8_0,"[576,1536]",940032,576,1536,18,16,1536,0,96,110592,884736,995328,6144,884736,27648,221184,248832,1.000000,248832,3362.594595,6912,55296,62208,62208,840.648649,62208,1244.160000,4.000000,55296,747.243243,3362.594595,840.648649,246.000000,3608.594595,1086.648649,30.750000,3393.344595,871.398649,15.375000,3377.969595,856.023649,3.843750,3366.438345,844.492399
blk.8.ffn_up.weight,layer_8_up_proj,mlp_up_projection,mlp_up_projection,up_proj,,8,Q8_0,"[576,1536]",940032,576,1536,18,16,1536,0,96,110592,884736,995328,6144,884736,27648,221184,248832,1.000000,248832,3362.594595,6912,55296,62208,62208,840.648649,62208,1244.160000,4.000000,55296,747.243243,3362.594595,840.648649,246.000000,3608.594595,1086.648649,30.750000,3393.344595,871.398649,15.375000,3377.969595,856.023649,3.843750,3366.438345,844.492399
blk.8.ffn_down.weight,layer_8_down_proj,mlp_down_projection,mlp_down_projection,down_proj,,8,Q8_0,"[1536,576]",940032,1536,576,48,16,576,0,36,110592,884736,995328,2304,884736,27648,221184,248832,1.000000,248832,3362.594595,6912,55296,62208,62208,840.648649,62208,1244.160000,4.000000,55296,747.243243,3362.594595,840.648649,246.000000,3608.594595,1086.648649,30.750000,3393.344595,871.398649,15.375000,3377.969595,856.023649,3.843750,3366.438345,844.492399
blk.9.attn_q.weight,layer_9_q_proj,attention_q_projection,attention_q_projection,q_proj,,9,Q8_0,"[576,576]",352512,576,576,18,16,576,0,36,41472,331776,373248,2304,331776,10368,82944,93312,1.000000,93312,1260.972973,2592,20736,23328,23328,315.243243,23328,466.560000,4.000000,20736,280.216216,1260.972973,315.243243,246.000000,1506.972973,561.243243,30.750000,1291.722973,345.993243,15.375000,1276.347973,330.618243,3.843750,1264.816723,319.086993
blk.9.attn_k.weight,layer_9_k_proj,attention_k_projection,attention_k_projection,k_proj,,9,Q8_0,"[576,192]",117504,576,192,18,16,192,0,12,13824,110592,124416,768,110592,3456,27648,31104,1.000000,31104,420.324324,864,6912,7776,7776,105.081081,7776,155.520000,4.000000,6912,93.405405,420.324324,105.081081,246.000000,666.324324,351.081081,30.750000,451.074324,135.831081,15.375000,435.699324,120.456081,3.843750,424.168074,108.924831
blk.9.attn_v.weight,layer_9_v_proj,attention_v_projection,attention_v_projection,v_proj,,9,Q8_0,"[576,192]",117504,576,192,18,16,192,0,12,13824,110592,124416,768,110592,3456,27648,31104,1.000000,31104,420.324324,864,6912,7776,7776,105.081081,7776,155.520000,4.000000,6912,93.405405,420.324324,105.081081,246.000000,666.324324,351.081081,30.750000,451.074324,135.831081,15.375000,435.699324,120.456081,3.843750,424.168074,108.924831
blk.9.attn_output.weight,layer_9_o_proj,attention_output_projection,attention_output_projection,o_proj,,9,Q8_0,"[576,576]",352512,576,576,18,16,576,0,36,41472,331776,373248,2304,331776,10368,82944,93312,1.000000,93312,1260.972973,2592,20736,23328,23328,315.243243,23328,466.560000,4.000000,20736,280.216216,1260.972973,315.243243,246.000000,1506.972973,561.243243,30.750000,1291.722973,345.993243,15.375000,1276.347973,330.618243,3.843750,1264.816723,319.086993
blk.9.ffn_gate.weight,layer_9_gate_proj,mlp_gate_projection,mlp_gate_projection,gate_proj,,9,Q8_0,"[576,1536]",940032,576,1536,18,16,1536,0,96,110592,884736,995328,6144,884736,27648,221184,248832,1.000000,248832,3362.594595,6912,55296,62208,62208,840.648649,62208,1244.160000,4.000000,55296,747.243243,3362.594595,840.648649,246.000000,3608.594595,1086.648649,30.750000,3393.344595,871.398649,15.375000,3377.969595,856.023649,3.843750,3366.438345,844.492399
blk.9.ffn_up.weight,layer_9_up_proj,mlp_up_projection,mlp_up_projection,up_proj,,9,Q8_0,"[576,1536]",940032,576,1536,18,16,1536,0,96,110592,884736,995328,6144,884736,27648,221184,248832,1.000000,248832,3362.594595,6912,55296,62208,62208,840.648649,62208,1244.160000,4.000000,55296,747.243243,3362.594595,840.648649,246.000000,3608.594595,1086.648649,30.750000,3393.344595,871.398649,15.375000,3377.969595,856.023649,3.843750,3366.438345,844.492399
blk.9.ffn_down.weight,layer_9_down_proj,mlp_down_projection,mlp_down_projection,down_proj,,9,Q8_0,"[1536,576]",940032,1536,576,48,16,576,0,36,110592,884736,995328,2304,884736,27648,221184,248832,1.000000,248832,3362.594595,6912,55296,62208,62208,840.648649,62208,1244.160000,4.000000,55296,747.243243,3362.594595,840.648649,246.000000,3608.594595,1086.648649,30.750000,3393.344595,871.398649,15.375000,3377.969595,856.023649,3.843750,3366.438345,844.492399
blk.10.attn_q.weight,layer_10_q_proj,attention_q_projection,attention_q_projection,q_proj,,10,Q8_0,"[576,576]",352512,576,576,18,16,576,0,36,41472,331776,373248,2304,331776,10368,82944,93312,1.000000,93312,1260.972973,2592,20736,23328,23328,315.243243,23328,466.560000,4.000000,20736,280.216216,1260.972973,315.243243,246.000000,1506.972973,561.243243,30.750000,1291.722973,345.993243,15.375000,1276.347973,330.618243,3.843750,1264.816723,319.086993
blk.10.attn_k.weight,layer_10_k_proj,attention_k_projection,attention_k_projection,k_proj,,10,Q8_0,"[576,192]",117504,576,192,18,16,192,0,12,13824,110592,124416,768,110592,3456,27648,31104,1.000000,31104,420.324324,864,6912,7776,7776,105.081081,7776,155.520000,4.000000,6912,93.405405,420.324324,105.081081,246.000000,666.324324,351.081081,30.750000,451.074324,135.831081,15.375000,435.699324,120.456081,3.843750,424.168074,108.924831
blk.10.attn_v.weight,layer_10_v_proj,attention_v_projection,attention_v_projection,v_proj,,10,Q8_0,"[576,192]",117504,576,192,18,16,192,0,12,13824,110592,124416,768,110592,3456,27648,31104,1.000000,31104,420.324324,864,6912,7776,7776,105.081081,7776,155.520000,4.000000,6912,93.405405,420.324324,105.081081,246.000000,666.324324,351.081081,30.750000,451.074324,135.831081,15.375000,435.699324,120.456081,3.843750,424.168074,108.924831
blk.10.attn_output.weight,layer_10_o_proj,attention_output_projection,attention_output_projection,o_proj,,10,Q8_0,"[576,576]",352512,576,576,18,16,576,0,36,41472,331776,373248,2304,331776,10368,82944,93312,1.000000,93312,1260.972973,2592,20736,23328,23328,315.243243,23328,466.560000,4.000000,20736,280.216216,1260.972973,315.243243,246.000000,1506.972973,561.243243,30.750000,1291.722973,345.993243,15.375000,1276.347973,330.618243,3.843750,1264.816723,319.086993
blk.10.ffn_gate.weight,layer_10_gate_proj,mlp_gate_projection,mlp_gate_projection,gate_proj,,10,Q8_0,"[576,1536]",940032,576,1536,18,16,1536,0,96,110592,884736,995328,6144,884736,27648,221184,248832,1.000000,248832,3362.594595,6912,55296,62208,62208,840.648649,62208,1244.160000,4.000000,55296,747.243243,3362.594595,840.648649,246.000000,3608.594595,1086.648649,30.750000,3393.344595,871.398649,15.375000,3377.969595,856.023649,3.843750,3366.438345,844.492399
blk.10.ffn_up.weight,layer_10_up_proj,mlp_up_projection,mlp_up_projection,up_proj,,10,Q8_0,"[576,1536]",940032,576,1536,18,16,1536,0,96,110592,884736,995328,6144,884736,27648,221184,248832,1.000000,248832,3362.594595,6912,55296,62208,62208,840.648649,62208,1244.160000,4.000000,55296,747.243243,3362.594595,840.648649,246.000000,3608.594595,1086.648649,30.750000,3393.344595,871.398649,15.375000,3377.969595,856.023649,3.843750,3366.438345,844.492399
blk.10.ffn_down.weight,layer_10_down_proj,mlp_down_projection,mlp_down_projection,down_proj,,10,Q8_0,"[1536,576]",940032,1536,576,48,16,576,0,36,110592,884736,995328,2304,884736,27648,221184,248832,1.000000,248832,3362.594595,6912,55296,62208,62208,840.648649,62208,1244.160000,4.000000,55296,747.243243,3362.594595,840.648649,246.000000,3608.594595,1086.648649,30.750000,3393.344595,871.398649,15.375000,3377.969595,856.023649,3.843750,3366.438345,844.492399
blk.11.attn_q.weight,layer_11_q_proj,attention_q_projection,attention_q_projection,q_proj,,11,Q8_0,"[576,576]",352512,576,576,18,16,576,0,36,41472,331776,373248,2304,331776,10368,82944,93312,1.000000,93312,1260.972973,2592,20736,23328,23328,315.243243,23328,466.560000,4.000000,20736,280.216216,1260.972973,315.243243,246.000000,1506.972973,561.243243,30.750000,1291.722973,345.993243,15.375000,1276.347973,330.618243,3.843750,1264.816723,319.086993
blk.11.attn_k.weight,layer_11_k_proj,attention_k_projection,attention_k_projection,k_proj,,11,Q8_0,"[576,192]",117504,576,192,18,16,192,0,12,13824,110592,124416,768,110592,3456,27648,31104,1.000000,31104,420.324324,864,6912,7776,7776,105.081081,7776,155.520000,4.000000,6912,93.405405,420.324324,105.081081,246.000000,666.324324,351.081081,30.750000,451.074324,135.831081,15.375000,435.699324,120.456081,3.843750,424.168074,108.924831
blk.11.attn_v.weight,layer_11_v_proj,attention_v_projection,attention_v_projection,v_proj,,11,Q8_0,"[576,192]",117504,576,192,18,16,192,0,12,13824,110592,124416,768,110592,3456,27648,31104,1.000000,31104,420.324324,864,6912,7776,7776,105.081081,7776,155.520000,4.000000,6912,93.405405,420.324324,105.081081,246.000000,666.324324,351.081081,30.750000,451.074324,135.831081,15.375000,435.699324,120.456081,3.843750,424.168074,108.924831
blk.11.attn_output.weight,layer_11_o_proj,attention_output_projection,attention_output_projection,o_proj,,11,Q8_0,"[576,576]",352512,576,576,18,16,576,0,36,41472,331776,373248,2304,331776,10368,82944,93312,1.000000,93312,1260.972973,2592,20736,23328,23328,315.243243,23328,466.560000,4.000000,20736,280.216216,1260.972973,315.243243,246.000000,1506.972973,561.243243,30.750000,1291.722973,345.993243,15.375000,1276.347973,330.618243,3.843750,1264.816723,319.086993
blk.11.ffn_gate.weight,layer_11_gate_proj,mlp_gate_projection,mlp_gate_projection,gate_proj,,11,Q8_0,"[576,1536]",940032,576,1536,18,16,1536,0,96,110592,884736,995328,6144,884736,27648,221184,248832,1.000000,248832,3362.594595,6912,55296,62208,62208,840.648649,62208,1244.160000,4.000000,55296,747.243243,3362.594595,840.648649,246.000000,3608.594595,1086.648649,30.750000,3393.344595,871.398649,15.375000,3377.969595,856.023649,3.843750,3366.438345,844.492399
blk.11.ffn_up.weight,layer_11_up_proj,mlp_up_projection,mlp_up_projection,up_proj,,11,Q8_0,"[576,1536]",940032,576,1536,18,16,1536,0,96,110592,884736,995328,6144,884736,27648,221184,248832,1.000000,248832,3362.594595,6912,55296,62208,62208,840.648649,62208,1244.160000,4.000000,55296,747.243243,3362.594595,840.648649,246.000000,3608.594595,1086.648649,30.750000,3393.344595,871.398649,15.375000,3377.969595,856.023649,3.843750,3366.438345,844.492399
blk.11.ffn_down.weight,layer_11_down_proj,mlp_down_projection,mlp_down_projection,down_proj,,11,Q8_0,"[1536,576]",940032,1536,576,48,16,576,0,36,110592,884736,995328,2304,884736,27648,221184,248832,1.000000,248832,3362.594595,6912,55296,62208,62208,840.648649,62208,1244.160000,4.000000,55296,747.243243,3362.594595,840.648649,246.000000,3608.594595,1086.648649,30.750000,3393.344595,871.398649,15.375000,3377.969595,856.023649,3.843750,3366.438345,844.492399
blk.12.attn_q.weight,layer_12_q_proj,attention_q_projection,attention_q_projection,q_proj,,12,Q8_0,"[576,576]",352512,576,576,18,16,576,0,36,41472,331776,373248,2304,331776,10368,82944,93312,1.000000,93312,1260.972973,2592,20736,23328,23328,315.243243,23328,466.560000,4.000000,20736,280.216216,1260.972973,315.243243,246.000000,1506.972973,561.243243,30.750000,1291.722973,345.993243,15.375000,1276.347973,330.618243,3.843750,1264.816723,319.086993
blk.12.attn_k.weight,layer_12_k_proj,attention_k_projection,attention_k_projection,k_proj,,12,Q8_0,"[576,192]",117504,576,192,18,16,192,0,12,13824,110592,124416,768,110592,3456,27648,31104,1.000000,31104,420.324324,864,6912,7776,7776,105.081081,7776,155.520000,4.000000,6912,93.405405,420.324324,105.081081,246.000000,666.324324,351.081081,30.750000,451.074324,135.831081,15.375000,435.699324,120.456081,3.843750,424.168074,108.924831
blk.12.attn_v.weight,layer_12_v_proj,attention_v_projection,attention_v_projection,v_proj,,12,Q8_0,"[576,192]",117504,576,192,18,16,192,0,12,13824,110592,124416,768,110592,3456,27648,31104,1.000000,31104,420.324324,864,6912,7776,7776,105.081081,7776,155.520000,4.000000,6912,93.405405,420.324324,105.081081,246.000000,666.324324,351.081081,30.750000,451.074324,135.831081,15.375000,435.699324,120.456081,3.843750,424.168074,108.924831
blk.12.attn_output.weight,layer_12_o_proj,attention_output_projection,attention_output_projection,o_proj,,12,Q8_0,"[576,576]",352512,576,576,18,16,576,0,36,41472,331776,373248,2304,331776,10368,82944,93312,1.000000,93312,1260.972973,2592,20736,23328,23328,315.243243,23328,466.560000,4.000000,20736,280.216216,1260.972973,315.243243,246.000000,1506.972973,561.243243,30.750000,1291.722973,345.993243,15.375000,1276.347973,330.618243,3.843750,1264.816723,319.086993
blk.12.ffn_gate.weight,layer_12_gate_proj,mlp_gate_projection,mlp_gate_projection,gate_proj,,12,Q8_0,"[576,1536]",940032,576,1536,18,16,1536,0,96,110592,884736,995328,6144,884736,27648,221184,248832,1.000000,248832,3362.594595,6912,55296,62208,62208,840.648649,62208,1244.160000,4.000000,55296,747.243243,3362.594595,840.648649,246.000000,3608.594595,1086.648649,30.750000,3393.344595,871.398649,15.375000,3377.969595,856.023649,3.843750,3366.438345,844.492399
blk.12.ffn_up.weight,layer_12_up_proj,mlp_up_projection,mlp_up_projection,up_proj,,12,Q8_0,"[576,1536]",940032,576,1536,18,16,1536,0,96,110592,884736,995328,6144,884736,27648,221184,248832,1.000000,248832,3362.594595,6912,55296,62208,62208,840.648649,62208,1244.160000,4.000000,55296,747.243243,3362.594595,840.648649,246.000000,3608.594595,1086.648649,30.750000,3393.344595,871.398649,15.375000,3377.969595,856.023649,3.843750,3366.438345,844.492399
blk.12.ffn_down.weight,layer_12_down_proj,mlp_down_projection,mlp_down_projection,down_proj,,12,Q8_0,"[1536,576]",940032,1536,576,48,16,576,0,36,110592,884736,995328,2304,884736,27648,221184,248832,1.000000,248832,3362.594595,6912,55296,62208,62208,840.648649,62208,1244.160000,4.000000,55296,747.243243,3362.594595,840.648649,246.000000,3608.594595,1086.648649,30.750000,3393.344595,871.398649,15.375000,3377.969595,856.023649,3.843750,3366.438345,844.492399
blk.13.attn_q.weight,layer_13_q_proj,attention_q_projection,attention_q_projection,q_proj,,13,Q8_0,"[576,576]",352512,576,576,18,16,576,0,36,41472,331776,373248,2304,331776,10368,82944,93312,1.000000,93312,1260.972973,2592,20736,23328,23328,315.243243,23328,466.560000,4.000000,20736,280.216216,1260.972973,315.243243,246.000000,1506.972973,561.243243,30.750000,1291.722973,345.993243,15.375000,1276.347973,330.618243,3.843750,1264.816723,319.086993
blk.13.attn_k.weight,layer_13_k_proj,attention_k_projection,attention_k_projection,k_proj,,13,Q8_0,"[576,192]",117504,576,192,18,16,192,0,12,13824,110592,124416,768,110592,3456,27648,31104,1.000000,31104,420.324324,864,6912,7776,7776,105.081081,7776,155.520000,4.000000,6912,93.405405,420.324324,105.081081,246.000000,666.324324,351.081081,30.750000,451.074324,135.831081,15.375000,435.699324,120.456081,3.843750,424.168074,108.924831
blk.13.attn_v.weight,layer_13_v_proj,attention_v_projection,attention_v_projection,v_proj,,13,Q8_0,"[576,192]",117504,576,192,18,16,192,0,12,13824,110592,124416,768,110592,3456,27648,31104,1.000000,31104,420.324324,864,6912,7776,7776,105.081081,7776,155.520000,4.000000,6912,93.405405,420.324324,105.081081,246.000000,666.324324,351.081081,30.750000,451.074324,135.831081,15.375000,435.699324,120.456081,3.843750,424.168074,108.924831
blk.13.attn_output.weight,layer_13_o_proj,attention_output_projection,attention_output_projection,o_proj,,13,Q8_0,"[576,576]",352512,576,576,18,16,576,0,36,41472,331776,373248,2304,331776,10368,82944,93312,1.000000,93312,1260.972973,2592,20736,23328,23328,315.243243,23328,466.560000,4.000000,20736,280.216216,1260.972973,315.243243,246.000000,1506.972973,561.243243,30.750000,1291.722973,345.993243,15.375000,1276.347973,330.618243,3.843750,1264.816723,319.086993
blk.13.ffn_gate.weight,layer_13_gate_proj,mlp_gate_projection,mlp_gate_projection,gate_proj,,13,Q8_0,"[576,1536]",940032,576,1536,18,16,1536,0,96,110592,884736,995328,6144,884736,27648,221184,248832,1.000000,248832,3362.594595,6912,55296,62208,62208,840.648649,62208,1244.160000,4.000000,55296,747.243243,3362.594595,840.648649,246.000000,3608.594595,1086.648649,30.750000,3393.344595,871.398649,15.375000,3377.969595,856.023649,3.843750,3366.438345,844.492399
blk.13.ffn_up.weight,layer_13_up_proj,mlp_up_projection,mlp_up_projection,up_proj,,13,Q8_0,"[576,1536]",940032,576,1536,18,16,1536,0,96,110592,884736,995328,6144,884736,27648,221184,248832,1.000000,248832,3362.594595,6912,55296,62208,62208,840.648649,62208,1244.160000,4.000000,55296,747.243243,3362.594595,840.648649,246.000000,3608.594595,1086.648649,30.750000,3393.344595,871.398649,15.375000,3377.969595,856.023649,3.843750,3366.438345,844.492399
blk.13.ffn_down.weight,layer_13_down_proj,mlp_down_projection,mlp_down_projection,down_proj,,13,Q8_0,"[1536,576]",940032,1536,576,48,16,576,0,36,110592,884736,995328,2304,884736,27648,221184,248832,1.000000,248832,3362.594595,6912,55296,62208,62208,840.648649,62208,1244.160000,4.000000,55296,747.243243,3362.594595,840.648649,246.000000,3608.594595,1086.648649,30.750000,3393.344595,871.398649,15.375000,3377.969595,856.023649,3.843750,3366.438345,844.492399
blk.14.attn_q.weight,layer_14_q_proj,attention_q_projection,attention_q_projection,q_proj,,14,Q8_0,"[576,576]",352512,576,576,18,16,576,0,36,41472,331776,373248,2304,331776,10368,82944,93312,1.000000,93312,1260.972973,2592,20736,23328,23328,315.243243,23328,466.560000,4.000000,20736,280.216216,1260.972973,315.243243,246.000000,1506.972973,561.243243,30.750000,1291.722973,345.993243,15.375000,1276.347973,330.618243,3.843750,1264.816723,319.086993
blk.14.attn_k.weight,layer_14_k_proj,attention_k_projection,attention_k_projection,k_proj,,14,Q8_0,"[576,192]",117504,576,192,18,16,192,0,12,13824,110592,124416,768,110592,3456,27648,31104,1.000000,31104,420.324324,864,6912,7776,7776,105.081081,7776,155.520000,4.000000,6912,93.405405,420.324324,105.081081,246.000000,666.324324,351.081081,30.750000,451.074324,135.831081,15.375000,435.699324,120.456081,3.843750,424.168074,108.924831
blk.14.attn_v.weight,layer_14_v_proj,attention_v_projection,attention_v_projection,v_proj,,14,Q8_0,"[576,192]",117504,576,192,18,16,192,0,12,13824,110592,124416,768,110592,3456,27648,31104,1.000000,31104,420.324324,864,6912,7776,7776,105.081081,7776,155.520000,4.000000,6912,93.405405,420.324324,105.081081,246.000000,666.324324,351.081081,30.750000,451.074324,135.831081,15.375000,435.699324,120.456081,3.843750,424.168074,108.924831
blk.14.attn_output.weight,layer_14_o_proj,attention_output_projection,attention_output_projection,o_proj,,14,Q8_0,"[576,576]",352512,576,576,18,16,576,0,36,41472,331776,373248,2304,331776,10368,82944,93312,1.000000,93312,1260.972973,2592,20736,23328,23328,315.243243,23328,466.560000,4.000000,20736,280.216216,1260.972973,315.243243,246.000000,1506.972973,561.243243,30.750000,1291.722973,345.993243,15.375000,1276.347973,330.618243,3.843750,1264.816723,319.086993
blk.14.ffn_gate.weight,layer_14_gate_proj,mlp_gate_projection,mlp_gate_projection,gate_proj,,14,Q8_0,"[576,1536]",940032,576,1536,18,16,1536,0,96,110592,884736,995328,6144,884736,27648,221184,248832,1.000000,248832,3362.594595,6912,55296,62208,62208,840.648649,62208,1244.160000,4.000000,55296,747.243243,3362.594595,840.648649,246.000000,3608.594595,1086.648649,30.750000,3393.344595,871.398649,15.375000,3377.969595,856.023649,3.843750,3366.438345,844.492399
blk.14.ffn_up.weight,layer_14_up_proj,mlp_up_projection,mlp_up_projection,up_proj,,14,Q8_0,"[576,1536]",940032,576,1536,18,16,1536,0,96,110592,884736,995328,6144,884736,27648,221184,248832,1.000000,248832,3362.594595,6912,55296,62208,62208,840.648649,62208,1244.160000,4.000000,55296,747.243243,3362.594595,840.648649,246.000000,3608.594595,1086.648649,30.750000,3393.344595,871.398649,15.375000,3377.969595,856.023649,3.843750,3366.438345,844.492399
blk.14.ffn_down.weight,layer_14_down_proj,mlp_down_projection,mlp_down_projection,down_proj,,14,Q8_0,"[1536,576]",940032,1536,576,48,16,576,0,36,110592,884736,995328,2304,884736,27648,221184,248832,1.000000,248832,3362.594595,6912,55296,62208,62208,840.648649,62208,1244.160000,4.000000,55296,747.243243,3362.594595,840.648649,246.000000,3608.594595,1086.648649,30.750000,3393.344595,871.398649,15.375000,3377.969595,856.023649,3.843750,3366.438345,844.492399
blk.15.attn_q.weight,layer_15_q_proj,attention_q_projection,attention_q_projection,q_proj,,15,Q8_0,"[576,576]",352512,576,576,18,16,576,0,36,41472,331776,373248,2304,331776,10368,82944,93312,1.000000,93312,1260.972973,2592,20736,23328,23328,315.243243,23328,466.560000,4.000000,20736,280.216216,1260.972973,315.243243,246.000000,1506.972973,561.243243,30.750000,1291.722973,345.993243,15.375000,1276.347973,330.618243,3.843750,1264.816723,319.086993
blk.15.attn_k.weight,layer_15_k_proj,attention_k_projection,attention_k_projection,k_proj,,15,Q8_0,"[576,192]",117504,576,192,18,16,192,0,12,13824,110592,124416,768,110592,3456,27648,31104,1.000000,31104,420.324324,864,6912,7776,7776,105.081081,7776,155.520000,4.000000,6912,93.405405,420.324324,105.081081,246.000000,666.324324,351.081081,30.750000,451.074324,135.831081,15.375000,435.699324,120.456081,3.843750,424.168074,108.924831
blk.15.attn_v.weight,layer_15_v_proj,attention_v_projection,attention_v_projection,v_proj,,15,Q8_0,"[576,192]",117504,576,192,18,16,192,0,12,13824,110592,124416,768,110592,3456,27648,31104,1.000000,31104,420.324324,864,6912,7776,7776,105.081081,7776,155.520000,4.000000,6912,93.405405,420.324324,105.081081,246.000000,666.324324,351.081081,30.750000,451.074324,135.831081,15.375000,435.699324,120.456081,3.843750,424.168074,108.924831
blk.15.attn_output.weight,layer_15_o_proj,attention_output_projection,attention_output_projection,o_proj,,15,Q8_0,"[576,576]",352512,576,576,18,16,576,0,36,41472,331776,373248,2304,331776,10368,82944,93312,1.000000,93312,1260.972973,2592,20736,23328,23328,315.243243,23328,466.560000,4.000000,20736,280.216216,1260.972973,315.243243,246.000000,1506.972973,561.243243,30.750000,1291.722973,345.993243,15.375000,1276.347973,330.618243,3.843750,1264.816723,319.086993
blk.15.ffn_gate.weight,layer_15_gate_proj,mlp_gate_projection,mlp_gate_projection,gate_proj,,15,Q8_0,"[576,1536]",940032,576,1536,18,16,1536,0,96,110592,884736,995328,6144,884736,27648,221184,248832,1.000000,248832,3362.594595,6912,55296,62208,62208,840.648649,62208,1244.160000,4.000000,55296,747.243243,3362.594595,840.648649,246.000000,3608.594595,1086.648649,30.750000,3393.344595,871.398649,15.375000,3377.969595,856.023649,3.843750,3366.438345,844.492399
blk.15.ffn_up.weight,layer_15_up_proj,mlp_up_projection,mlp_up_projection,up_proj,,15,Q8_0,"[576,1536]",940032,576,1536,18,16,1536,0,96,110592,884736,995328,6144,884736,27648,221184,248832,1.000000,248832,3362.594595,6912,55296,62208,62208,840.648649,62208,1244.160000,4.000000,55296,747.243243,3362.594595,840.648649,246.000000,3608.594595,1086.648649,30.750000,3393.344595,871.398649,15.375000,3377.969595,856.023649,3.843750,3366.438345,844.492399
blk.15.ffn_down.weight,layer_15_down_proj,mlp_down_projection,mlp_down_projection,down_proj,,15,Q8_0,"[1536,576]",940032,1536,576,48,16,576,0,36,110592,884736,995328,2304,884736,27648,221184,248832,1.000000,248832,3362.594595,6912,55296,62208,62208,840.648649,62208,1244.160000,4.000000,55296,747.243243,3362.594595,840.648649,246.000000,3608.594595,1086.648649,30.750000,3393.344595,871.398649,15.375000,3377.969595,856.023649,3.843750,3366.438345,844.492399
blk.16.attn_q.weight,layer_16_q_proj,attention_q_projection,attention_q_projection,q_proj,,16,Q8_0,"[576,576]",352512,576,576,18,16,576,0,36,41472,331776,373248,2304,331776,10368,82944,93312,1.000000,93312,1260.972973,2592,20736,23328,23328,315.243243,23328,466.560000,4.000000,20736,280.216216,1260.972973,315.243243,246.000000,1506.972973,561.243243,30.750000,1291.722973,345.993243,15.375000,1276.347973,330.618243,3.843750,1264.816723,319.086993
blk.16.attn_k.weight,layer_16_k_proj,attention_k_projection,attention_k_projection,k_proj,,16,Q8_0,"[576,192]",117504,576,192,18,16,192,0,12,13824,110592,124416,768,110592,3456,27648,31104,1.000000,31104,420.324324,864,6912,7776,7776,105.081081,7776,155.520000,4.000000,6912,93.405405,420.324324,105.081081,246.000000,666.324324,351.081081,30.750000,451.074324,135.831081,15.375000,435.699324,120.456081,3.843750,424.168074,108.924831
blk.16.attn_v.weight,layer_16_v_proj,attention_v_projection,attention_v_projection,v_proj,,16,Q8_0,"[576,192]",117504,576,192,18,16,192,0,12,13824,110592,124416,768,110592,3456,27648,31104,1.000000,31104,420.324324,864,6912,7776,7776,105.081081,7776,155.520000,4.000000,6912,93.405405,420.324324,105.081081,246.000000,666.324324,351.081081,30.750000,451.074324,135.831081,15.375000,435.699324,120.456081,3.843750,424.168074,108.924831
blk.16.attn_output.weight,layer_16_o_proj,attention_output_projection,attention_output_projection,o_proj,,16,Q8_0,"[576,576]",352512,576,576,18,16,576,0,36,41472,331776,373248,2304,331776,10368,82944,93312,1.000000,93312,1260.972973,2592,20736,23328,23328,315.243243,23328,466.560000,4.000000,20736,280.216216,1260.972973,315.243243,246.000000,1506.972973,561.243243,30.750000,1291.722973,345.993243,15.375000,1276.347973,330.618243,3.843750,1264.816723,319.086993
blk.16.ffn_gate.weight,layer_16_gate_proj,mlp_gate_projection,mlp_gate_projection,gate_proj,,16,Q8_0,"[576,1536]",940032,576,1536,18,16,1536,0,96,110592,884736,995328,6144,884736,27648,221184,248832,1.000000,248832,3362.594595,6912,55296,62208,62208,840.648649,62208,1244.160000,4.000000,55296,747.243243,3362.594595,840.648649,246.000000,3608.594595,1086.648649,30.750000,3393.344595,871.398649,15.375000,3377.969595,856.023649,3.843750,3366.438345,844.492399
blk.16.ffn_up.weight,layer_16_up_proj,mlp_up_projection,mlp_up_projection,up_proj,,16,Q8_0,"[576,1536]",940032,576,1536,18,16,1536,0,96,110592,884736,995328,6144,884736,27648,221184,248832,1.000000,248832,3362.594595,6912,55296,62208,62208,840.648649,62208,1244.160000,4.000000,55296,747.243243,3362.594595,840.648649,246.000000,3608.594595,1086.648649,30.750000,3393.344595,871.398649,15.375000,3377.969595,856.023649,3.843750,3366.438345,844.492399
blk.16.ffn_down.weight,layer_16_down_proj,mlp_down_projection,mlp_down_projection,down_proj,,16,Q8_0,"[1536,576]",940032,1536,576,48,16,576,0,36,110592,884736,995328,2304,884736,27648,221184,248832,1.000000,248832,3362.594595,6912,55296,62208,62208,840.648649,62208,1244.160000,4.000000,55296,747.243243,3362.594595,840.648649,246.000000,3608.594595,1086.648649,30.750000,3393.344595,871.398649,15.375000,3377.969595,856.023649,3.843750,3366.438345,844.492399
blk.17.attn_q.weight,layer_17_q_proj,attention_q_projection,attention_q_projection,q_proj,,17,Q8_0,"[576,576]",352512,576,576,18,16,576,0,36,41472,331776,373248,2304,331776,10368,82944,93312,1.000000,93312,1260.972973,2592,20736,23328,23328,315.243243,23328,466.560000,4.000000,20736,280.216216,1260.972973,315.243243,246.000000,1506.972973,561.243243,30.750000,1291.722973,345.993243,15.375000,1276.347973,330.618243,3.843750,1264.816723,319.086993
blk.17.attn_k.weight,layer_17_k_proj,attention_k_projection,attention_k_projection,k_proj,,17,Q8_0,"[576,192]",117504,576,192,18,16,192,0,12,13824,110592,124416,768,110592,3456,27648,31104,1.000000,31104,420.324324,864,6912,7776,7776,105.081081,7776,155.520000,4.000000,6912,93.405405,420.324324,105.081081,246.000000,666.324324,351.081081,30.750000,451.074324,135.831081,15.375000,435.699324,120.456081,3.843750,424.168074,108.924831
blk.17.attn_v.weight,layer_17_v_proj,attention_v_projection,attention_v_projection,v_proj,,17,Q8_0,"[576,192]",117504,576,192,18,16,192,0,12,13824,110592,124416,768,110592,3456,27648,31104,1.000000,31104,420.324324,864,6912,7776,7776,105.081081,7776,155.520000,4.000000,6912,93.405405,420.324324,105.081081,246.000000,666.324324,351.081081,30.750000,451.074324,135.831081,15.375000,435.699324,120.456081,3.843750,424.168074,108.924831
blk.17.attn_output.weight,layer_17_o_proj,attention_output_projection,attention_output_projection,o_proj,,17,Q8_0,"[576,576]",352512,576,576,18,16,576,0,36,41472,331776,373248,2304,331776,10368,82944,93312,1.000000,93312,1260.972973,2592,20736,23328,23328,315.243243,23328,466.560000,4.000000,20736,280.216216,1260.972973,315.243243,246.000000,1506.972973,561.243243,30.750000,1291.722973,345.993243,15.375000,1276.347973,330.618243,3.843750,1264.816723,319.086993
blk.17.ffn_gate.weight,layer_17_gate_proj,mlp_gate_projection,mlp_gate_projection,gate_proj,,17,Q8_0,"[576,1536]",940032,576,1536,18,16,1536,0,96,110592,884736,995328,6144,884736,27648,221184,248832,1.000000,248832,3362.594595,6912,55296,62208,62208,840.648649,62208,1244.160000,4.000000,55296,747.243243,3362.594595,840.648649,246.000000,3608.594595,1086.648649,30.750000,3393.344595,871.398649,15.375000,3377.969595,856.023649,3.843750,3366.438345,844.492399
blk.17.ffn_up.weight,layer_17_up_proj,mlp_up_projection,mlp_up_projection,up_proj,,17,Q8_0,"[576,1536]",940032,576,1536,18,16,1536,0,96,110592,884736,995328,6144,884736,27648,221184,248832,1.000000,248832,3362.594595,6912,55296,62208,62208,840.648649,62208,1244.160000,4.000000,55296,747.243243,3362.594595,840.648649,246.000000,3608.594595,1086.648649,30.750000,3393.344595,871.398649,15.375000,3377.969595,856.023649,3.843750,3366.438345,844.492399
blk.17.ffn_down.weight,layer_17_down_proj,mlp_down_projection,mlp_down_projection,down_proj,,17,Q8_0,"[1536,576]",940032,1536,576,48,16,576,0,36,110592,884736,995328,2304,884736,27648,221184,248832,1.000000,248832,3362.594595,6912,55296,62208,62208,840.648649,62208,1244.160000,4.000000,55296,747.243243,3362.594595,840.648649,246.000000,3608.594595,1086.648649,30.750000,3393.344595,871.398649,15.375000,3377.969595,856.023649,3.843750,3366.438345,844.492399
blk.18.attn_q.weight,layer_18_q_proj,attention_q_projection,attention_q_projection,q_proj,,18,Q8_0,"[576,576]",352512,576,576,18,16,576,0,36,41472,331776,373248,2304,331776,10368,82944,93312,1.000000,93312,1260.972973,2592,20736,23328,23328,315.243243,23328,466.560000,4.000000,20736,280.216216,1260.972973,315.243243,246.000000,1506.972973,561.243243,30.750000,1291.722973,345.993243,15.375000,1276.347973,330.618243,3.843750,1264.816723,319.086993
blk.18.attn_k.weight,layer_18_k_proj,attention_k_projection,attention_k_projection,k_proj,,18,Q8_0,"[576,192]",117504,576,192,18,16,192,0,12,13824,110592,124416,768,110592,3456,27648,31104,1.000000,31104,420.324324,864,6912,7776,7776,105.081081,7776,155.520000,4.000000,6912,93.405405,420.324324,105.081081,246.000000,666.324324,351.081081,30.750000,451.074324,135.831081,15.375000,435.699324,120.456081,3.843750,424.168074,108.924831
blk.18.attn_v.weight,layer_18_v_proj,attention_v_projection,attention_v_projection,v_proj,,18,Q8_0,"[576,192]",117504,576,192,18,16,192,0,12,13824,110592,124416,768,110592,3456,27648,31104,1.000000,31104,420.324324,864,6912,7776,7776,105.081081,7776,155.520000,4.000000,6912,93.405405,420.324324,105.081081,246.000000,666.324324,351.081081,30.750000,451.074324,135.831081,15.375000,435.699324,120.456081,3.843750,424.168074,108.924831
blk.18.attn_output.weight,layer_18_o_proj,attention_output_projection,attention_output_projection,o_proj,,18,Q8_0,"[576,576]",352512,576,576,18,16,576,0,36,41472,331776,373248,2304,331776,10368,82944,93312,1.000000,93312,1260.972973,2592,20736,23328,23328,315.243243,23328,466.560000,4.000000,20736,280.216216,1260.972973,315.243243,246.000000,1506.972973,561.243243,30.750000,1291.722973,345.993243,15.375000,1276.347973,330.618243,3.843750,1264.816723,319.086993
blk.18.ffn_gate.weight,layer_18_gate_proj,mlp_gate_projection,mlp_gate_projection,gate_proj,,18,Q8_0,"[576,1536]",940032,576,1536,18,16,1536,0,96,110592,884736,995328,6144,884736,27648,221184,248832,1.000000,248832,3362.594595,6912,55296,62208,62208,840.648649,62208,1244.160000,4.000000,55296,747.243243,3362.594595,840.648649,246.000000,3608.594595,1086.648649,30.750000,3393.344595,871.398649,15.375000,3377.969595,856.023649,3.843750,3366.438345,844.492399
blk.18.ffn_up.weight,layer_18_up_proj,mlp_up_projection,mlp_up_projection,up_proj,,18,Q8_0,"[576,1536]",940032,576,1536,18,16,1536,0,96,110592,884736,995328,6144,884736,27648,221184,248832,1.000000,248832,3362.594595,6912,55296,62208,62208,840.648649,62208,1244.160000,4.000000,55296,747.243243,3362.594595,840.648649,246.000000,3608.594595,1086.648649,30.750000,3393.344595,871.398649,15.375000,3377.969595,856.023649,3.843750,3366.438345,844.492399
blk.18.ffn_down.weight,layer_18_down_proj,mlp_down_projection,mlp_down_projection,down_proj,,18,Q8_0,"[1536,576]",940032,1536,576,48,16,576,0,36,110592,884736,995328,2304,884736,27648,221184,248832,1.000000,248832,3362.594595,6912,55296,62208,62208,840.648649,62208,1244.160000,4.000000,55296,747.243243,3362.594595,840.648649,246.000000,3608.594595,1086.648649,30.750000,3393.344595,871.398649,15.375000,3377.969595,856.023649,3.843750,3366.438345,844.492399
blk.19.attn_q.weight,layer_19_q_proj,attention_q_projection,attention_q_projection,q_proj,,19,Q8_0,"[576,576]",352512,576,576,18,16,576,0,36,41472,331776,373248,2304,331776,10368,82944,93312,1.000000,93312,1260.972973,2592,20736,23328,23328,315.243243,23328,466.560000,4.000000,20736,280.216216,1260.972973,315.243243,246.000000,1506.972973,561.243243,30.750000,1291.722973,345.993243,15.375000,1276.347973,330.618243,3.843750,1264.816723,319.086993
blk.19.attn_k.weight,layer_19_k_proj,attention_k_projection,attention_k_projection,k_proj,,19,Q8_0,"[576,192]",117504,576,192,18,16,192,0,12,13824,110592,124416,768,110592,3456,27648,31104,1.000000,31104,420.324324,864,6912,7776,7776,105.081081,7776,155.520000,4.000000,6912,93.405405,420.324324,105.081081,246.000000,666.324324,351.081081,30.750000,451.074324,135.831081,15.375000,435.699324,120.456081,3.843750,424.168074,108.924831
blk.19.attn_v.weight,layer_19_v_proj,attention_v_projection,attention_v_projection,v_proj,,19,Q8_0,"[576,192]",117504,576,192,18,16,192,0,12,13824,110592,124416,768,110592,3456,27648,31104,1.000000,31104,420.324324,864,6912,7776,7776,105.081081,7776,155.520000,4.000000,6912,93.405405,420.324324,105.081081,246.000000,666.324324,351.081081,30.750000,451.074324,135.831081,15.375000,435.699324,120.456081,3.843750,424.168074,108.924831
blk.19.attn_output.weight,layer_19_o_proj,attention_output_projection,attention_output_projection,o_proj,,19,Q8_0,"[576,576]",352512,576,576,18,16,576,0,36,41472,331776,373248,2304,331776,10368,82944,93312,1.000000,93312,1260.972973,2592,20736,23328,23328,315.243243,23328,466.560000,4.000000,20736,280.216216,1260.972973,315.243243,246.000000,1506.972973,561.243243,30.750000,1291.722973,345.993243,15.375000,1276.347973,330.618243,3.843750,1264.816723,319.086993
blk.19.ffn_gate.weight,layer_19_gate_proj,mlp_gate_projection,mlp_gate_projection,gate_proj,,19,Q8_0,"[576,1536]",940032,576,1536,18,16,1536,0,96,110592,884736,995328,6144,884736,27648,221184,248832,1.000000,248832,3362.594595,6912,55296,62208,62208,840.648649,62208,1244.160000,4.000000,55296,747.243243,3362.594595,840.648649,246.000000,3608.594595,1086.648649,30.750000,3393.344595,871.398649,15.375000,3377.969595,856.023649,3.843750,3366.438345,844.492399
blk.19.ffn_up.weight,layer_19_up_proj,mlp_up_projection,mlp_up_projection,up_proj,,19,Q8_0,"[576,1536]",940032,576,1536,18,16,1536,0,96,110592,884736,995328,6144,884736,27648,221184,248832,1.000000,248832,3362.594595,6912,55296,62208,62208,840.648649,62208,1244.160000,4.000000,55296,747.243243,3362.594595,840.648649,246.000000,3608.594595,1086.648649,30.750000,3393.344595,871.398649,15.375000,3377.969595,856.023649,3.843750,3366.438345,844.492399
blk.19.ffn_down.weight,layer_19_down_proj,mlp_down_projection,mlp_down_projection,down_proj,,19,Q8_0,"[1536,576]",940032,1536,576,48,16,576,0,36,110592,884736,995328,2304,884736,27648,221184,248832,1.000000,248832,3362.594595,6912,55296,62208,62208,840.648649,62208,1244.160000,4.000000,55296,747.243243,3362.594595,840.648649,246.000000,3608.594595,1086.648649,30.750000,3393.344595,871.398649,15.375000,3377.969595,856.023649,3.843750,3366.438345,844.492399
blk.20.attn_q.weight,layer_20_q_proj,attention_q_projection,attention_q_projection,q_proj,,20,Q8_0,"[576,576]",352512,576,576,18,16,576,0,36,41472,331776,373248,2304,331776,10368,82944,93312,1.000000,93312,1260.972973,2592,20736,23328,23328,315.243243,23328,466.560000,4.000000,20736,280.216216,1260.972973,315.243243,246.000000,1506.972973,561.243243,30.750000,1291.722973,345.993243,15.375000,1276.347973,330.618243,3.843750,1264.816723,319.086993
blk.20.attn_k.weight,layer_20_k_proj,attention_k_projection,attention_k_projection,k_proj,,20,Q8_0,"[576,192]",117504,576,192,18,16,192,0,12,13824,110592,124416,768,110592,3456,27648,31104,1.000000,31104,420.324324,864,6912,7776,7776,105.081081,7776,155.520000,4.000000,6912,93.405405,420.324324,105.081081,246.000000,666.324324,351.081081,30.750000,451.074324,135.831081,15.375000,435.699324,120.456081,3.843750,424.168074,108.924831
blk.20.attn_v.weight,layer_20_v_proj,attention_v_projection,attention_v_projection,v_proj,,20,Q8_0,"[576,192]",117504,576,192,18,16,192,0,12,13824,110592,124416,768,110592,3456,27648,31104,1.000000,31104,420.324324,864,6912,7776,7776,105.081081,7776,155.520000,4.000000,6912,93.405405,420.324324,105.081081,246.000000,666.324324,351.081081,30.750000,451.074324,135.831081,15.375000,435.699324,120.456081,3.843750,424.168074,108.924831
blk.20.attn_output.weight,layer_20_o_proj,attention_output_projection,attention_output_projection,o_proj,,20,Q8_0,"[576,576]",352512,576,576,18,16,576,0,36,41472,331776,373248,2304,331776,10368,82944,93312,1.000000,93312,1260.972973,2592,20736,23328,23328,315.243243,23328,466.560000,4.000000,20736,280.216216,1260.972973,315.243243,246.000000,1506.972973,561.243243,30.750000,1291.722973,345.993243,15.375000,1276.347973,330.618243,3.843750,1264.816723,319.086993
blk.20.ffn_gate.weight,layer_20_gate_proj,mlp_gate_projection,mlp_gate_projection,gate_proj,,20,Q8_0,"[576,1536]",940032,576,1536,18,16,1536,0,96,110592,884736,995328,6144,884736,27648,221184,248832,1.000000,248832,3362.594595,6912,55296,62208,62208,840.648649,62208,1244.160000,4.000000,55296,747.243243,3362.594595,840.648649,246.000000,3608.594595,1086.648649,30.750000,3393.344595,871.398649,15.375000,3377.969595,856.023649,3.843750,3366.438345,844.492399
blk.20.ffn_up.weight,layer_20_up_proj,mlp_up_projection,mlp_up_projection,up_proj,,20,Q8_0,"[576,1536]",940032,576,1536,18,16,1536,0,96,110592,884736,995328,6144,884736,27648,221184,248832,1.000000,248832,3362.594595,6912,55296,62208,62208,840.648649,62208,1244.160000,4.000000,55296,747.243243,3362.594595,840.648649,246.000000,3608.594595,1086.648649,30.750000,3393.344595,871.398649,15.375000,3377.969595,856.023649,3.843750,3366.438345,844.492399
blk.20.ffn_down.weight,layer_20_down_proj,mlp_down_projection,mlp_down_projection,down_proj,,20,Q8_0,"[1536,576]",940032,1536,576,48,16,576,0,36,110592,884736,995328,2304,884736,27648,221184,248832,1.000000,248832,3362.594595,6912,55296,62208,62208,840.648649,62208,1244.160000,4.000000,55296,747.243243,3362.594595,840.648649,246.000000,3608.594595,1086.648649,30.750000,3393.344595,871.398649,15.375000,3377.969595,856.023649,3.843750,3366.438345,844.492399
blk.21.attn_q.weight,layer_21_q_proj,attention_q_projection,attention_q_projection,q_proj,,21,Q8_0,"[576,576]",352512,576,576,18,16,576,0,36,41472,331776,373248,2304,331776,10368,82944,93312,1.000000,93312,1260.972973,2592,20736,23328,23328,315.243243,23328,466.560000,4.000000,20736,280.216216,1260.972973,315.243243,246.000000,1506.972973,561.243243,30.750000,1291.722973,345.993243,15.375000,1276.347973,330.618243,3.843750,1264.816723,319.086993
blk.21.attn_k.weight,layer_21_k_proj,attention_k_projection,attention_k_projection,k_proj,,21,Q8_0,"[576,192]",117504,576,192,18,16,192,0,12,13824,110592,124416,768,110592,3456,27648,31104,1.000000,31104,420.324324,864,6912,7776,7776,105.081081,7776,155.520000,4.000000,6912,93.405405,420.324324,105.081081,246.000000,666.324324,351.081081,30.750000,451.074324,135.831081,15.375000,435.699324,120.456081,3.843750,424.168074,108.924831
blk.21.attn_v.weight,layer_21_v_proj,attention_v_projection,attention_v_projection,v_proj,,21,Q8_0,"[576,192]",117504,576,192,18,16,192,0,12,13824,110592,124416,768,110592,3456,27648,31104,1.000000,31104,420.324324,864,6912,7776,7776,105.081081,7776,155.520000,4.000000,6912,93.405405,420.324324,105.081081,246.000000,666.324324,351.081081,30.750000,451.074324,135.831081,15.375000,435.699324,120.456081,3.843750,424.168074,108.924831
blk.21.attn_output.weight,layer_21_o_proj,attention_output_projection,attention_output_projection,o_proj,,21,Q8_0,"[576,576]",352512,576,576,18,16,576,0,36,41472,331776,373248,2304,331776,10368,82944,93312,1.000000,93312,1260.972973,2592,20736,23328,23328,315.243243,23328,466.560000,4.000000,20736,280.216216,1260.972973,315.243243,246.000000,1506.972973,561.243243,30.750000,1291.722973,345.993243,15.375000,1276.347973,330.618243,3.843750,1264.816723,319.086993
blk.21.ffn_gate.weight,layer_21_gate_proj,mlp_gate_projection,mlp_gate_projection,gate_proj,,21,Q8_0,"[576,1536]",940032,576,1536,18,16,1536,0,96,110592,884736,995328,6144,884736,27648,221184,248832,1.000000,248832,3362.594595,6912,55296,62208,62208,840.648649,62208,1244.160000,4.000000,55296,747.243243,3362.594595,840.648649,246.000000,3608.594595,1086.648649,30.750000,3393.344595,871.398649,15.375000,3377.969595,856.023649,3.843750,3366.438345,844.492399
blk.21.ffn_up.weight,layer_21_up_proj,mlp_up_projection,mlp_up_projection,up_proj,,21,Q8_0,"[576,1536]",940032,576,1536,18,16,1536,0,96,110592,884736,995328,6144,884736,27648,221184,248832,1.000000,248832,3362.594595,6912,55296,62208,62208,840.648649,62208,1244.160000,4.000000,55296,747.243243,3362.594595,840.648649,246.000000,3608.594595,1086.648649,30.750000,3393.344595,871.398649,15.375000,3377.969595,856.023649,3.843750,3366.438345,844.492399
blk.21.ffn_down.weight,layer_21_down_proj,mlp_down_projection,mlp_down_projection,down_proj,,21,Q8_0,"[1536,576]",940032,1536,576,48,16,576,0,36,110592,884736,995328,2304,884736,27648,221184,248832,1.000000,248832,3362.594595,6912,55296,62208,62208,840.648649,62208,1244.160000,4.000000,55296,747.243243,3362.594595,840.648649,246.000000,3608.594595,1086.648649,30.750000,3393.344595,871.398649,15.375000,3377.969595,856.023649,3.843750,3366.438345,844.492399
blk.22.attn_q.weight,layer_22_q_proj,attention_q_projection,attention_q_projection,q_proj,,22,Q8_0,"[576,576]",352512,576,576,18,16,576,0,36,41472,331776,373248,2304,331776,10368,82944,93312,1.000000,93312,1260.972973,2592,20736,23328,23328,315.243243,23328,466.560000,4.000000,20736,280.216216,1260.972973,315.243243,246.000000,1506.972973,561.243243,30.750000,1291.722973,345.993243,15.375000,1276.347973,330.618243,3.843750,1264.816723,319.086993
blk.22.attn_k.weight,layer_22_k_proj,attention_k_projection,attention_k_projection,k_proj,,22,Q8_0,"[576,192]",117504,576,192,18,16,192,0,12,13824,110592,124416,768,110592,3456,27648,31104,1.000000,31104,420.324324,864,6912,7776,7776,105.081081,7776,155.520000,4.000000,6912,93.405405,420.324324,105.081081,246.000000,666.324324,351.081081,30.750000,451.074324,135.831081,15.375000,435.699324,120.456081,3.843750,424.168074,108.924831
blk.22.attn_v.weight,layer_22_v_proj,attention_v_projection,attention_v_projection,v_proj,,22,Q8_0,"[576,192]",117504,576,192,18,16,192,0,12,13824,110592,124416,768,110592,3456,27648,31104,1.000000,31104,420.324324,864,6912,7776,7776,105.081081,7776,155.520000,4.000000,6912,93.405405,420.324324,105.081081,246.000000,666.324324,351.081081,30.750000,451.074324,135.831081,15.375000,435.699324,120.456081,3.843750,424.168074,108.924831
blk.22.attn_output.weight,layer_22_o_proj,attention_output_projection,attention_output_projection,o_proj,,22,Q8_0,"[576,576]",352512,576,576,18,16,576,0,36,41472,331776,373248,2304,331776,10368,82944,93312,1.000000,93312,1260.972973,2592,20736,23328,23328,315.243243,23328,466.560000,4.000000,20736,280.216216,1260.972973,315.243243,246.000000,1506.972973,561.243243,30.750000,1291.722973,345.993243,15.375000,1276.347973,330.618243,3.843750,1264.816723,319.086993
blk.22.ffn_gate.weight,layer_22_gate_proj,mlp_gate_projection,mlp_gate_projection,gate_proj,,22,Q8_0,"[576,1536]",940032,576,1536,18,16,1536,0,96,110592,884736,995328,6144,884736,27648,221184,248832,1.000000,248832,3362.594595,6912,55296,62208,62208,840.648649,62208,1244.160000,4.000000,55296,747.243243,3362.594595,840.648649,246.000000,3608.594595,1086.648649,30.750000,3393.344595,871.398649,15.375000,3377.969595,856.023649,3.843750,3366.438345,844.492399
blk.22.ffn_up.weight,layer_22_up_proj,mlp_up_projection,mlp_up_projection,up_proj,,22,Q8_0,"[576,1536]",940032,576,1536,18,16,1536,0,96,110592,884736,995328,6144,884736,27648,221184,248832,1.000000,248832,3362.594595,6912,55296,62208,62208,840.648649,62208,1244.160000,4.000000,55296,747.243243,3362.594595,840.648649,246.000000,3608.594595,1086.648649,30.750000,3393.344595,871.398649,15.375000,3377.969595,856.023649,3.843750,3366.438345,844.492399
blk.22.ffn_down.weight,layer_22_down_proj,mlp_down_projection,mlp_down_projection,down_proj,,22,Q8_0,"[1536,576]",940032,1536,576,48,16,576,0,36,110592,884736,995328,2304,884736,27648,221184,248832,1.000000,248832,3362.594595,6912,55296,62208,62208,840.648649,62208,1244.160000,4.000000,55296,747.243243,3362.594595,840.648649,246.000000,3608.594595,1086.648649,30.750000,3393.344595,871.398649,15.375000,3377.969595,856.023649,3.843750,3366.438345,844.492399
blk.23.attn_q.weight,layer_23_q_proj,attention_q_projection,attention_q_projection,q_proj,,23,Q8_0,"[576,576]",352512,576,576,18,16,576,0,36,41472,331776,373248,2304,331776,10368,82944,93312,1.000000,93312,1260.972973,2592,20736,23328,23328,315.243243,23328,466.560000,4.000000,20736,280.216216,1260.972973,315.243243,246.000000,1506.972973,561.243243,30.750000,1291.722973,345.993243,15.375000,1276.347973,330.618243,3.843750,1264.816723,319.086993
blk.23.attn_k.weight,layer_23_k_proj,attention_k_projection,attention_k_projection,k_proj,,23,Q8_0,"[576,192]",117504,576,192,18,16,192,0,12,13824,110592,124416,768,110592,3456,27648,31104,1.000000,31104,420.324324,864,6912,7776,7776,105.081081,7776,155.520000,4.000000,6912,93.405405,420.324324,105.081081,246.000000,666.324324,351.081081,30.750000,451.074324,135.831081,15.375000,435.699324,120.456081,3.843750,424.168074,108.924831
blk.23.attn_v.weight,layer_23_v_proj,attention_v_projection,attention_v_projection,v_proj,,23,Q8_0,"[576,192]",117504,576,192,18,16,192,0,12,13824,110592,124416,768,110592,3456,27648,31104,1.000000,31104,420.324324,864,6912,7776,7776,105.081081,7776,155.520000,4.000000,6912,93.405405,420.324324,105.081081,246.000000,666.324324,351.081081,30.750000,451.074324,135.831081,15.375000,435.699324,120.456081,3.843750,424.168074,108.924831
blk.23.attn_output.weight,layer_23_o_proj,attention_output_projection,attention_output_projection,o_proj,,23,Q8_0,"[576,576]",352512,576,576,18,16,576,0,36,41472,331776,373248,2304,331776,10368,82944,93312,1.000000,93312,1260.972973,2592,20736,23328,23328,315.243243,23328,466.560000,4.000000,20736,280.216216,1260.972973,315.243243,246.000000,1506.972973,561.243243,30.750000,1291.722973,345.993243,15.375000,1276.347973,330.618243,3.843750,1264.816723,319.086993
blk.23.ffn_gate.weight,layer_23_gate_proj,mlp_gate_projection,mlp_gate_projection,gate_proj,,23,Q8_0,"[576,1536]",940032,576,1536,18,16,1536,0,96,110592,884736,995328,6144,884736,27648,221184,248832,1.000000,248832,3362.594595,6912,55296,62208,62208,840.648649,62208,1244.160000,4.000000,55296,747.243243,3362.594595,840.648649,246.000000,3608.594595,1086.648649,30.750000,3393.344595,871.398649,15.375000,3377.969595,856.023649,3.843750,3366.438345,844.492399
blk.23.ffn_up.weight,layer_23_up_proj,mlp_up_projection,mlp_up_projection,up_proj,,23,Q8_0,"[576,1536]",940032,576,1536,18,16,1536,0,96,110592,884736,995328,6144,884736,27648,221184,248832,1.000000,248832,3362.594595,6912,55296,62208,62208,840.648649,62208,1244.160000,4.000000,55296,747.243243,3362.594595,840.648649,246.000000,3608.594595,1086.648649,30.750000,3393.344595,871.398649,15.375000,3377.969595,856.023649,3.843750,3366.438345,844.492399
blk.23.ffn_down.weight,layer_23_down_proj,mlp_down_projection,mlp_down_projection,down_proj,,23,Q8_0,"[1536,576]",940032,1536,576,48,16,576,0,36,110592,884736,995328,2304,884736,27648,221184,248832,1.000000,248832,3362.594595,6912,55296,62208,62208,840.648649,62208,1244.160000,4.000000,55296,747.243243,3362.594595,840.648649,246.000000,3608.594595,1086.648649,30.750000,3393.344595,871.398649,15.375000,3377.969595,856.023649,3.843750,3366.438345,844.492399
blk.24.attn_q.weight,layer_24_q_proj,attention_q_projection,attention_q_projection,q_proj,,24,Q8_0,"[576,576]",352512,576,576,18,16,576,0,36,41472,331776,373248,2304,331776,10368,82944,93312,1.000000,93312,1260.972973,2592,20736,23328,23328,315.243243,23328,466.560000,4.000000,20736,280.216216,1260.972973,315.243243,246.000000,1506.972973,561.243243,30.750000,1291.722973,345.993243,15.375000,1276.347973,330.618243,3.843750,1264.816723,319.086993
blk.24.attn_k.weight,layer_24_k_proj,attention_k_projection,attention_k_projection,k_proj,,24,Q8_0,"[576,192]",117504,576,192,18,16,192,0,12,13824,110592,124416,768,110592,3456,27648,31104,1.000000,31104,420.324324,864,6912,7776,7776,105.081081,7776,155.520000,4.000000,6912,93.405405,420.324324,105.081081,246.000000,666.324324,351.081081,30.750000,451.074324,135.831081,15.375000,435.699324,120.456081,3.843750,424.168074,108.924831
blk.24.attn_v.weight,layer_24_v_proj,attention_v_projection,attention_v_projection,v_proj,,24,Q8_0,"[576,192]",117504,576,192,18,16,192,0,12,13824,110592,124416,768,110592,3456,27648,31104,1.000000,31104,420.324324,864,6912,7776,7776,105.081081,7776,155.520000,4.000000,6912,93.405405,420.324324,105.081081,246.000000,666.324324,351.081081,30.750000,451.074324,135.831081,15.375000,435.699324,120.456081,3.843750,424.168074,108.924831
blk.24.attn_output.weight,layer_24_o_proj,attention_output_projection,attention_output_projection,o_proj,,24,Q8_0,"[576,576]",352512,576,576,18,16,576,0,36,41472,331776,373248,2304,331776,10368,82944,93312,1.000000,93312,1260.972973,2592,20736,23328,23328,315.243243,23328,466.560000,4.000000,20736,280.216216,1260.972973,315.243243,246.000000,1506.972973,561.243243,30.750000,1291.722973,345.993243,15.375000,1276.347973,330.618243,3.843750,1264.816723,319.086993
blk.24.ffn_gate.weight,layer_24_gate_proj,mlp_gate_projection,mlp_gate_projection,gate_proj,,24,Q8_0,"[576,1536]",940032,576,1536,18,16,1536,0,96,110592,884736,995328,6144,884736,27648,221184,248832,1.000000,248832,3362.594595,6912,55296,62208,62208,840.648649,62208,1244.160000,4.000000,55296,747.243243,3362.594595,840.648649,246.000000,3608.594595,1086.648649,30.750000,3393.344595,871.398649,15.375000,3377.969595,856.023649,3.843750,3366.438345,844.492399
blk.24.ffn_up.weight,layer_24_up_proj,mlp_up_projection,mlp_up_projection,up_proj,,24,Q8_0,"[576,1536]",940032,576,1536,18,16,1536,0,96,110592,884736,995328,6144,884736,27648,221184,248832,1.000000,248832,3362.594595,6912,55296,62208,62208,840.648649,62208,1244.160000,4.000000,55296,747.243243,3362.594595,840.648649,246.000000,3608.594595,1086.648649,30.750000,3393.344595,871.398649,15.375000,3377.969595,856.023649,3.843750,3366.438345,844.492399
blk.24.ffn_down.weight,layer_24_down_proj,mlp_down_projection,mlp_down_projection,down_proj,,24,Q8_0,"[1536,576]",940032,1536,576,48,16,576,0,36,110592,884736,995328,2304,884736,27648,221184,248832,1.000000,248832,3362.594595,6912,55296,62208,62208,840.648649,62208,1244.160000,4.000000,55296,747.243243,3362.594595,840.648649,246.000000,3608.594595,1086.648649,30.750000,3393.344595,871.398649,15.375000,3377.969595,856.023649,3.843750,3366.438345,844.492399
blk.25.attn_q.weight,layer_25_q_proj,attention_q_projection,attention_q_projection,q_proj,,25,Q8_0,"[576,576]",352512,576,576,18,16,576,0,36,41472,331776,373248,2304,331776,10368,82944,93312,1.000000,93312,1260.972973,2592,20736,23328,23328,315.243243,23328,466.560000,4.000000,20736,280.216216,1260.972973,315.243243,246.000000,1506.972973,561.243243,30.750000,1291.722973,345.993243,15.375000,1276.347973,330.618243,3.843750,1264.816723,319.086993
blk.25.attn_k.weight,layer_25_k_proj,attention_k_projection,attention_k_projection,k_proj,,25,Q8_0,"[576,192]",117504,576,192,18,16,192,0,12,13824,110592,124416,768,110592,3456,27648,31104,1.000000,31104,420.324324,864,6912,7776,7776,105.081081,7776,155.520000,4.000000,6912,93.405405,420.324324,105.081081,246.000000,666.324324,351.081081,30.750000,451.074324,135.831081,15.375000,435.699324,120.456081,3.843750,424.168074,108.924831
blk.25.attn_v.weight,layer_25_v_proj,attention_v_projection,attention_v_projection,v_proj,,25,Q8_0,"[576,192]",117504,576,192,18,16,192,0,12,13824,110592,124416,768,110592,3456,27648,31104,1.000000,31104,420.324324,864,6912,7776,7776,105.081081,7776,155.520000,4.000000,6912,93.405405,420.324324,105.081081,246.000000,666.324324,351.081081,30.750000,451.074324,135.831081,15.375000,435.699324,120.456081,3.843750,424.168074,108.924831
blk.25.attn_output.weight,layer_25_o_proj,attention_output_projection,attention_output_projection,o_proj,,25,Q8_0,"[576,576]",352512,576,576,18,16,576,0,36,41472,331776,373248,2304,331776,10368,82944,93312,1.000000,93312,1260.972973,2592,20736,23328,23328,315.243243,23328,466.560000,4.000000,20736,280.216216,1260.972973,315.243243,246.000000,1506.972973,561.243243,30.750000,1291.722973,345.993243,15.375000,1276.347973,330.618243,3.843750,1264.816723,319.086993
blk.25.ffn_gate.weight,layer_25_gate_proj,mlp_gate_projection,mlp_gate_projection,gate_proj,,25,Q8_0,"[576,1536]",940032,576,1536,18,16,1536,0,96,110592,884736,995328,6144,884736,27648,221184,248832,1.000000,248832,3362.594595,6912,55296,62208,62208,840.648649,62208,1244.160000,4.000000,55296,747.243243,3362.594595,840.648649,246.000000,3608.594595,1086.648649,30.750000,3393.344595,871.398649,15.375000,3377.969595,856.023649,3.843750,3366.438345,844.492399
blk.25.ffn_up.weight,layer_25_up_proj,mlp_up_projection,mlp_up_projection,up_proj,,25,Q8_0,"[576,1536]",940032,576,1536,18,16,1536,0,96,110592,884736,995328,6144,884736,27648,221184,248832,1.000000,248832,3362.594595,6912,55296,62208,62208,840.648649,62208,1244.160000,4.000000,55296,747.243243,3362.594595,840.648649,246.000000,3608.594595,1086.648649,30.750000,3393.344595,871.398649,15.375000,3377.969595,856.023649,3.843750,3366.438345,844.492399
blk.25.ffn_down.weight,layer_25_down_proj,mlp_down_projection,mlp_down_projection,down_proj,,25,Q8_0,"[1536,576]",940032,1536,576,48,16,576,0,36,110592,884736,995328,2304,884736,27648,221184,248832,1.000000,248832,3362.594595,6912,55296,62208,62208,840.648649,62208,1244.160000,4.000000,55296,747.243243,3362.594595,840.648649,246.000000,3608.594595,1086.648649,30.750000,3393.344595,871.398649,15.375000,3377.969595,856.023649,3.843750,3366.438345,844.492399
blk.26.attn_q.weight,layer_26_q_proj,attention_q_projection,attention_q_projection,q_proj,,26,Q8_0,"[576,576]",352512,576,576,18,16,576,0,36,41472,331776,373248,2304,331776,10368,82944,93312,1.000000,93312,1260.972973,2592,20736,23328,23328,315.243243,23328,466.560000,4.000000,20736,280.216216,1260.972973,315.243243,246.000000,1506.972973,561.243243,30.750000,1291.722973,345.993243,15.375000,1276.347973,330.618243,3.843750,1264.816723,319.086993
blk.26.attn_k.weight,layer_26_k_proj,attention_k_projection,attention_k_projection,k_proj,,26,Q8_0,"[576,192]",117504,576,192,18,16,192,0,12,13824,110592,124416,768,110592,3456,27648,31104,1.000000,31104,420.324324,864,6912,7776,7776,105.081081,7776,155.520000,4.000000,6912,93.405405,420.324324,105.081081,246.000000,666.324324,351.081081,30.750000,451.074324,135.831081,15.375000,435.699324,120.456081,3.843750,424.168074,108.924831
blk.26.attn_v.weight,layer_26_v_proj,attention_v_projection,attention_v_projection,v_proj,,26,Q8_0,"[576,192]",117504,576,192,18,16,192,0,12,13824,110592,124416,768,110592,3456,27648,31104,1.000000,31104,420.324324,864,6912,7776,7776,105.081081,7776,155.520000,4.000000,6912,93.405405,420.324324,105.081081,246.000000,666.324324,351.081081,30.750000,451.074324,135.831081,15.375000,435.699324,120.456081,3.843750,424.168074,108.924831
blk.26.attn_output.weight,layer_26_o_proj,attention_output_projection,attention_output_projection,o_proj,,26,Q8_0,"[576,576]",352512,576,576,18,16,576,0,36,41472,331776,373248,2304,331776,10368,82944,93312,1.000000,93312,1260.972973,2592,20736,23328,23328,315.243243,23328,466.560000,4.000000,20736,280.216216,1260.972973,315.243243,246.000000,1506.972973,561.243243,30.750000,1291.722973,345.993243,15.375000,1276.347973,330.618243,3.843750,1264.816723,319.086993
blk.26.ffn_gate.weight,layer_26_gate_proj,mlp_gate_projection,mlp_gate_projection,gate_proj,,26,Q8_0,"[576,1536]",940032,576,1536,18,16,1536,0,96,110592,884736,995328,6144,884736,27648,221184,248832,1.000000,248832,3362.594595,6912,55296,62208,62208,840.648649,62208,1244.160000,4.000000,55296,747.243243,3362.594595,840.648649,246.000000,3608.594595,1086.648649,30.750000,3393.344595,871.398649,15.375000,3377.969595,856.023649,3.843750,3366.438345,844.492399
blk.26.ffn_up.weight,layer_26_up_proj,mlp_up_projection,mlp_up_projection,up_proj,,26,Q8_0,"[576,1536]",940032,576,1536,18,16,1536,0,96,110592,884736,995328,6144,884736,27648,221184,248832,1.000000,248832,3362.594595,6912,55296,62208,62208,840.648649,62208,1244.160000,4.000000,55296,747.243243,3362.594595,840.648649,246.000000,3608.594595,1086.648649,30.750000,3393.344595,871.398649,15.375000,3377.969595,856.023649,3.843750,3366.438345,844.492399
blk.26.ffn_down.weight,layer_26_down_proj,mlp_down_projection,mlp_down_projection,down_proj,,26,Q8_0,"[1536,576]",940032,1536,576,48,16,576,0,36,110592,884736,995328,2304,884736,27648,221184,248832,1.000000,248832,3362.594595,6912,55296,62208,62208,840.648649,62208,1244.160000,4.000000,55296,747.243243,3362.594595,840.648649,246.000000,3608.594595,1086.648649,30.750000,3393.344595,871.398649,15.375000,3377.969595,856.023649,3.843750,3366.438345,844.492399
blk.27.attn_q.weight,layer_27_q_proj,attention_q_projection,attention_q_projection,q_proj,,27,Q8_0,"[576,576]",352512,576,576,18,16,576,0,36,41472,331776,373248,2304,331776,10368,82944,93312,1.000000,93312,1260.972973,2592,20736,23328,23328,315.243243,23328,466.560000,4.000000,20736,280.216216,1260.972973,315.243243,246.000000,1506.972973,561.243243,30.750000,1291.722973,345.993243,15.375000,1276.347973,330.618243,3.843750,1264.816723,319.086993
blk.27.attn_k.weight,layer_27_k_proj,attention_k_projection,attention_k_projection,k_proj,,27,Q8_0,"[576,192]",117504,576,192,18,16,192,0,12,13824,110592,124416,768,110592,3456,27648,31104,1.000000,31104,420.324324,864,6912,7776,7776,105.081081,7776,155.520000,4.000000,6912,93.405405,420.324324,105.081081,246.000000,666.324324,351.081081,30.750000,451.074324,135.831081,15.375000,435.699324,120.456081,3.843750,424.168074,108.924831
blk.27.attn_v.weight,layer_27_v_proj,attention_v_projection,attention_v_projection,v_proj,,27,Q8_0,"[576,192]",117504,576,192,18,16,192,0,12,13824,110592,124416,768,110592,3456,27648,31104,1.000000,31104,420.324324,864,6912,7776,7776,105.081081,7776,155.520000,4.000000,6912,93.405405,420.324324,105.081081,246.000000,666.324324,351.081081,30.750000,451.074324,135.831081,15.375000,435.699324,120.456081,3.843750,424.168074,108.924831
blk.27.attn_output.weight,layer_27_o_proj,attention_output_projection,attention_output_projection,o_proj,,27,Q8_0,"[576,576]",352512,576,576,18,16,576,0,36,41472,331776,373248,2304,331776,10368,82944,93312,1.000000,93312,1260.972973,2592,20736,23328,23328,315.243243,23328,466.560000,4.000000,20736,280.216216,1260.972973,315.243243,246.000000,1506.972973,561.243243,30.750000,1291.722973,345.993243,15.375000,1276.347973,330.618243,3.843750,1264.816723,319.086993
blk.27.ffn_gate.weight,layer_27_gate_proj,mlp_gate_projection,mlp_gate_projection,gate_proj,,27,Q8_0,"[576,1536]",940032,576,1536,18,16,1536,0,96,110592,884736,995328,6144,884736,27648,221184,248832,1.000000,248832,3362.594595,6912,55296,62208,62208,840.648649,62208,1244.160000,4.000000,55296,747.243243,3362.594595,840.648649,246.000000,3608.594595,1086.648649,30.750000,3393.344595,871.398649,15.375000,3377.969595,856.023649,3.843750,3366.438345,844.492399
blk.27.ffn_up.weight,layer_27_up_proj,mlp_up_projection,mlp_up_projection,up_proj,,27,Q8_0,"[576,1536]",940032,576,1536,18,16,1536,0,96,110592,884736,995328,6144,884736,27648,221184,248832,1.000000,248832,3362.594595,6912,55296,62208,62208,840.648649,62208,1244.160000,4.000000,55296,747.243243,3362.594595,840.648649,246.000000,3608.594595,1086.648649,30.750000,3393.344595,871.398649,15.375000,3377.969595,856.023649,3.843750,3366.438345,844.492399
blk.27.ffn_down.weight,layer_27_down_proj,mlp_down_projection,mlp_down_projection,down_proj,,27,Q8_0,"[1536,576]",940032,1536,576,48,16,576,0,36,110592,884736,995328,2304,884736,27648,221184,248832,1.000000,248832,3362.594595,6912,55296,62208,62208,840.648649,62208,1244.160000,4.000000,55296,747.243243,3362.594595,840.648649,246.000000,3608.594595,1086.648649,30.750000,3393.344595,871.398649,15.375000,3377.969595,856.023649,3.843750,3366.438345,844.492399
blk.28.attn_q.weight,layer_28_q_proj,attention_q_projection,attention_q_projection,q_proj,,28,Q8_0,"[576,576]",352512,576,576,18,16,576,0,36,41472,331776,373248,2304,331776,10368,82944,93312,1.000000,93312,1260.972973,2592,20736,23328,23328,315.243243,23328,466.560000,4.000000,20736,280.216216,1260.972973,315.243243,246.000000,1506.972973,561.243243,30.750000,1291.722973,345.993243,15.375000,1276.347973,330.618243,3.843750,1264.816723,319.086993
blk.28.attn_k.weight,layer_28_k_proj,attention_k_projection,attention_k_projection,k_proj,,28,Q8_0,"[576,192]",117504,576,192,18,16,192,0,12,13824,110592,124416,768,110592,3456,27648,31104,1.000000,31104,420.324324,864,6912,7776,7776,105.081081,7776,155.520000,4.000000,6912,93.405405,420.324324,105.081081,246.000000,666.324324,351.081081,30.750000,451.074324,135.831081,15.375000,435.699324,120.456081,3.843750,424.168074,108.924831
blk.28.attn_v.weight,layer_28_v_proj,attention_v_projection,attention_v_projection,v_proj,,28,Q8_0,"[576,192]",117504,576,192,18,16,192,0,12,13824,110592,124416,768,110592,3456,27648,31104,1.000000,31104,420.324324,864,6912,7776,7776,105.081081,7776,155.520000,4.000000,6912,93.405405,420.324324,105.081081,246.000000,666.324324,351.081081,30.750000,451.074324,135.831081,15.375000,435.699324,120.456081,3.843750,424.168074,108.924831
blk.28.attn_output.weight,layer_28_o_proj,attention_output_projection,attention_output_projection,o_proj,,28,Q8_0,"[576,576]",352512,576,576,18,16,576,0,36,41472,331776,373248,2304,331776,10368,82944,93312,1.000000,93312,1260.972973,2592,20736,23328,23328,315.243243,23328,466.560000,4.000000,20736,280.216216,1260.972973,315.243243,246.000000,1506.972973,561.243243,30.750000,1291.722973,345.993243,15.375000,1276.347973,330.618243,3.843750,1264.816723,319.086993
blk.28.ffn_gate.weight,layer_28_gate_proj,mlp_gate_projection,mlp_gate_projection,gate_proj,,28,Q8_0,"[576,1536]",940032,576,1536,18,16,1536,0,96,110592,884736,995328,6144,884736,27648,221184,248832,1.000000,248832,3362.594595,6912,55296,62208,62208,840.648649,62208,1244.160000,4.000000,55296,747.243243,3362.594595,840.648649,246.000000,3608.594595,1086.648649,30.750000,3393.344595,871.398649,15.375000,3377.969595,856.023649,3.843750,3366.438345,844.492399
blk.28.ffn_up.weight,layer_28_up_proj,mlp_up_projection,mlp_up_projection,up_proj,,28,Q8_0,"[576,1536]",940032,576,1536,18,16,1536,0,96,110592,884736,995328,6144,884736,27648,221184,248832,1.000000,248832,3362.594595,6912,55296,62208,62208,840.648649,62208,1244.160000,4.000000,55296,747.243243,3362.594595,840.648649,246.000000,3608.594595,1086.648649,30.750000,3393.344595,871.398649,15.375000,3377.969595,856.023649,3.843750,3366.438345,844.492399
blk.28.ffn_down.weight,layer_28_down_proj,mlp_down_projection,mlp_down_projection,down_proj,,28,Q8_0,"[1536,576]",940032,1536,576,48,16,576,0,36,110592,884736,995328,2304,884736,27648,221184,248832,1.000000,248832,3362.594595,6912,55296,62208,62208,840.648649,62208,1244.160000,4.000000,55296,747.243243,3362.594595,840.648649,246.000000,3608.594595,1086.648649,30.750000,3393.344595,871.398649,15.375000,3377.969595,856.023649,3.843750,3366.438345,844.492399
blk.29.attn_q.weight,layer_29_q_proj,attention_q_projection,attention_q_projection,q_proj,,29,Q8_0,"[576,576]",352512,576,576,18,16,576,0,36,41472,331776,373248,2304,331776,10368,82944,93312,1.000000,93312,1260.972973,2592,20736,23328,23328,315.243243,23328,466.560000,4.000000,20736,280.216216,1260.972973,315.243243,246.000000,1506.972973,561.243243,30.750000,1291.722973,345.993243,15.375000,1276.347973,330.618243,3.843750,1264.816723,319.086993
blk.29.attn_k.weight,layer_29_k_proj,attention_k_projection,attention_k_projection,k_proj,,29,Q8_0,"[576,192]",117504,576,192,18,16,192,0,12,13824,110592,124416,768,110592,3456,27648,31104,1.000000,31104,420.324324,864,6912,7776,7776,105.081081,7776,155.520000,4.000000,6912,93.405405,420.324324,105.081081,246.000000,666.324324,351.081081,30.750000,451.074324,135.831081,15.375000,435.699324,120.456081,3.843750,424.168074,108.924831
blk.29.attn_v.weight,layer_29_v_proj,attention_v_projection,attention_v_projection,v_proj,,29,Q8_0,"[576,192]",117504,576,192,18,16,192,0,12,13824,110592,124416,768,110592,3456,27648,31104,1.000000,31104,420.324324,864,6912,7776,7776,105.081081,7776,155.520000,4.000000,6912,93.405405,420.324324,105.081081,246.000000,666.324324,351.081081,30.750000,451.074324,135.831081,15.375000,435.699324,120.456081,3.843750,424.168074,108.924831
blk.29.attn_output.weight,layer_29_o_proj,attention_output_projection,attention_output_projection,o_proj,,29,Q8_0,"[576,576]",352512,576,576,18,16,576,0,36,41472,331776,373248,2304,331776,10368,82944,93312,1.000000,93312,1260.972973,2592,20736,23328,23328,315.243243,23328,466.560000,4.000000,20736,280.216216,1260.972973,315.243243,246.000000,1506.972973,561.243243,30.750000,1291.722973,345.993243,15.375000,1276.347973,330.618243,3.843750,1264.816723,319.086993
blk.29.ffn_gate.weight,layer_29_gate_proj,mlp_gate_projection,mlp_gate_projection,gate_proj,,29,Q8_0,"[576,1536]",940032,576,1536,18,16,1536,0,96,110592,884736,995328,6144,884736,27648,221184,248832,1.000000,248832,3362.594595,6912,55296,62208,62208,840.648649,62208,1244.160000,4.000000,55296,747.243243,3362.594595,840.648649,246.000000,3608.594595,1086.648649,30.750000,3393.344595,871.398649,15.375000,3377.969595,856.023649,3.843750,3366.438345,844.492399
blk.29.ffn_up.weight,layer_29_up_proj,mlp_up_projection,mlp_up_projection,up_proj,,29,Q8_0,"[576,1536]",940032,576,1536,18,16,1536,0,96,110592,884736,995328,6144,884736,27648,221184,248832,1.000000,248832,3362.594595,6912,55296,62208,62208,840.648649,62208,1244.160000,4.000000,55296,747.243243,3362.594595,840.648649,246.000000,3608.594595,1086.648649,30.750000,3393.344595,871.398649,15.375000,3377.969595,856.023649,3.843750,3366.438345,844.492399
blk.29.ffn_down.weight,layer_29_down_proj,mlp_down_projection,mlp_down_projection,down_proj,,29,Q8_0,"[1536,576]",940032,1536,576,48,16,576,0,36,110592,884736,995328,2304,884736,27648,221184,248832,1.000000,248832,3362.594595,6912,55296,62208,62208,840.648649,62208,1244.160000,4.000000,55296,747.243243,3362.594595,840.648649,246.000000,3608.594595,1086.648649,30.750000,3393.344595,871.398649,15.375000,3377.969595,856.023649,3.843750,3366.438345,844.492399
token_embd.weight,lm_head_tied_tok_embeddings,token_embedding,lm_head_tied_token_embedding,lm_head,No separate output.weight in this GGUF; modeled token_embd.weight as tied lm_head. See pycharm/golden/lm_head_slice/manifest.json.,-1,Q8_0,"[576,49152]",30081024,576,49152,18,16,49152,0,3072,3538944,28311552,31850496,196608,28311552,884736,7077888,7962624,1.000000,7962624,107603.027027,221184,1769472,1990656,1990656,26900.756757,1990656,39813.120000,4.000000,1769472,23911.783784,107603.027027,26900.756757,246.000000,107849.027027,27146.756757,30.750000,107633.777027,26931.506757,15.375000,107618.402027,26916.131757,3.843750,107606.870777,26904.600507
