row_group,lane,row,fixture_case,identity_expected_i32,board_mixed_i32,board_duplicate_same_lane_i32,board_duplicate_lane0_i32,mixed_vs_cpu,duplicate_same_lane_vs_cpu,mixed_vs_duplicate,duplicate_good_lanes,packet_equivalence,mode1_blockacc,onehot_mode0,simulation_status,fixture_dir
0,9,9,qproj_rg00,8,2147483647,8,2147483647,0,1,0,15,PASS,PASS,PASS,PREPARED_NOT_SIMULATED,/run/media/pjs/6A43-DC8A/smollm2-zybo/golden/s06_5_2_real_qproj_wrapper_tb/qproj_rg00
1,6,22,qproj_rg01,3,3,3,2147483647,1,1,1,15,PASS,PASS,PASS,PREPARED_NOT_SIMULATED,/run/media/pjs/6A43-DC8A/smollm2-zybo/golden/s06_5_2_real_qproj_wrapper_tb/qproj_rg01
1,13,29,qproj_rg01,1,2147483647,1,1,0,1,0,16,PASS,PASS,PASS,PREPARED_NOT_SIMULATED,/run/media/pjs/6A43-DC8A/smollm2-zybo/golden/s06_5_2_real_qproj_wrapper_tb/qproj_rg01
1,15,31,qproj_rg01,11,2147483647,11,11,0,1,0,16,PASS,PASS,PASS,PREPARED_NOT_SIMULATED,/run/media/pjs/6A43-DC8A/smollm2-zybo/golden/s06_5_2_real_qproj_wrapper_tb/qproj_rg01
3,0,48,qproj_rg03,-2,2147483647,-2,-2,0,1,0,16,PASS,PASS,PASS,PREPARED_NOT_SIMULATED,/run/media/pjs/6A43-DC8A/smollm2-zybo/golden/s06_5_2_real_qproj_wrapper_tb/qproj_rg03
3,11,59,qproj_rg03,1,2147483647,1,1,0,1,0,16,PASS,PASS,PASS,PREPARED_NOT_SIMULATED,/run/media/pjs/6A43-DC8A/smollm2-zybo/golden/s06_5_2_real_qproj_wrapper_tb/qproj_rg03
4,1,65,qproj_rg04,-4,2147483647,-4,2147483647,0,1,0,15,PASS,PASS,PASS,PREPARED_NOT_SIMULATED,/run/media/pjs/6A43-DC8A/smollm2-zybo/golden/s06_5_2_real_qproj_wrapper_tb/qproj_rg04
5,2,82,qproj_rg05,6,6,6,6,1,1,1,16,PASS,PASS,PASS,PREPARED_NOT_SIMULATED,/run/media/pjs/6A43-DC8A/smollm2-zybo/golden/s06_5_2_real_qproj_wrapper_tb/qproj_rg05
5,13,93,qproj_rg05,-2,2147483647,-2,2147483647,0,1,0,15,PASS,PASS,PASS,PREPARED_NOT_SIMULATED,/run/media/pjs/6A43-DC8A/smollm2-zybo/golden/s06_5_2_real_qproj_wrapper_tb/qproj_rg05
5,14,94,qproj_rg05,8,2147483647,8,8,0,1,0,16,PASS,PASS,PASS,PREPARED_NOT_SIMULATED,/run/media/pjs/6A43-DC8A/smollm2-zybo/golden/s06_5_2_real_qproj_wrapper_tb/qproj_rg05
6,3,99,qproj_rg06,0,2147483647,0,0,0,1,0,16,PASS,PASS,PASS,PREPARED_NOT_SIMULATED,/run/media/pjs/6A43-DC8A/smollm2-zybo/golden/s06_5_2_real_qproj_wrapper_tb/qproj_rg06
6,6,102,qproj_rg06,-8,2147483647,-8,2147483647,0,1,0,15,PASS,PASS,PASS,PREPARED_NOT_SIMULATED,/run/media/pjs/6A43-DC8A/smollm2-zybo/golden/s06_5_2_real_qproj_wrapper_tb/qproj_rg06
6,7,103,qproj_rg06,-10,-10,-10,2147483647,1,1,1,15,PASS,PASS,PASS,PREPARED_NOT_SIMULATED,/run/media/pjs/6A43-DC8A/smollm2-zybo/golden/s06_5_2_real_qproj_wrapper_tb/qproj_rg06
6,10,106,qproj_rg06,-7,2147483647,-7,-7,0,1,0,16,PASS,PASS,PASS,PREPARED_NOT_SIMULATED,/run/media/pjs/6A43-DC8A/smollm2-zybo/golden/s06_5_2_real_qproj_wrapper_tb/qproj_rg06
7,7,119,qproj_rg07,8,8,8,2147483647,1,1,1,15,PASS,PASS,PASS,PREPARED_NOT_SIMULATED,/run/media/pjs/6A43-DC8A/smollm2-zybo/golden/s06_5_2_real_qproj_wrapper_tb/qproj_rg07
7,10,122,qproj_rg07,-6,2147483647,-6,2147483647,0,1,0,15,PASS,PASS,PASS,PREPARED_NOT_SIMULATED,/run/media/pjs/6A43-DC8A/smollm2-zybo/golden/s06_5_2_real_qproj_wrapper_tb/qproj_rg07
8,3,131,qproj_rg08,3,2147483647,3,3,0,1,0,16,PASS,PASS,PASS,PREPARED_NOT_SIMULATED,/run/media/pjs/6A43-DC8A/smollm2-zybo/golden/s06_5_2_real_qproj_wrapper_tb/qproj_rg08
8,15,143,qproj_rg08,2,2147483647,2,2,0,1,0,16,PASS,PASS,PASS,PREPARED_NOT_SIMULATED,/run/media/pjs/6A43-DC8A/smollm2-zybo/golden/s06_5_2_real_qproj_wrapper_tb/qproj_rg08
9,0,144,qproj_rg09,5,2147483647,2147483647,2147483647,0,0,1,15,PASS,PASS,PASS,PREPARED_NOT_SIMULATED,/run/media/pjs/6A43-DC8A/smollm2-zybo/golden/s06_5_2_real_qproj_wrapper_tb/qproj_rg09
10,11,171,qproj_rg10,12,2147483647,12,2147483647,0,1,0,15,PASS,PASS,PASS,PREPARED_NOT_SIMULATED,/run/media/pjs/6A43-DC8A/smollm2-zybo/golden/s06_5_2_real_qproj_wrapper_tb/qproj_rg10
10,15,175,qproj_rg10,4,2147483647,4,2147483647,0,1,0,15,PASS,PASS,PASS,PREPARED_NOT_SIMULATED,/run/media/pjs/6A43-DC8A/smollm2-zybo/golden/s06_5_2_real_qproj_wrapper_tb/qproj_rg10
11,0,176,qproj_rg11,2,2147483647,2147483647,2147483647,0,0,1,15,PASS,PASS,PASS,PREPARED_NOT_SIMULATED,/run/media/pjs/6A43-DC8A/smollm2-zybo/golden/s06_5_2_real_qproj_wrapper_tb/qproj_rg11
11,4,180,qproj_rg11,-4,2147483647,-4,-4,0,1,0,16,PASS,PASS,PASS,PREPARED_NOT_SIMULATED,/run/media/pjs/6A43-DC8A/smollm2-zybo/golden/s06_5_2_real_qproj_wrapper_tb/qproj_rg11
11,9,185,qproj_rg11,1,2147483647,1,2147483647,0,1,0,15,PASS,PASS,PASS,PREPARED_NOT_SIMULATED,/run/media/pjs/6A43-DC8A/smollm2-zybo/golden/s06_5_2_real_qproj_wrapper_tb/qproj_rg11
12,3,195,qproj_rg12,-6,2147483647,-6,2147483647,0,1,0,15,PASS,PASS,PASS,PREPARED_NOT_SIMULATED,/run/media/pjs/6A43-DC8A/smollm2-zybo/golden/s06_5_2_real_qproj_wrapper_tb/qproj_rg12
13,6,214,qproj_rg13,-9,-9,-9,2147483647,1,1,1,15,PASS,PASS,PASS,PREPARED_NOT_SIMULATED,/run/media/pjs/6A43-DC8A/smollm2-zybo/golden/s06_5_2_real_qproj_wrapper_tb/qproj_rg13
14,6,230,qproj_rg14,6,2147483647,6,2147483647,0,1,0,15,PASS,PASS,PASS,PREPARED_NOT_SIMULATED,/run/media/pjs/6A43-DC8A/smollm2-zybo/golden/s06_5_2_real_qproj_wrapper_tb/qproj_rg14
14,8,232,qproj_rg14,3,2147483647,3,2147483647,0,1,0,15,PASS,PASS,PASS,PREPARED_NOT_SIMULATED,/run/media/pjs/6A43-DC8A/smollm2-zybo/golden/s06_5_2_real_qproj_wrapper_tb/qproj_rg14
15,15,255,qproj_rg15,-7,2147483647,-7,2147483647,0,1,0,15,PASS,PASS,PASS,PREPARED_NOT_SIMULATED,/run/media/pjs/6A43-DC8A/smollm2-zybo/golden/s06_5_2_real_qproj_wrapper_tb/qproj_rg15
17,4,276,qproj_rg17,9,9,9,9,1,1,1,16,PASS,PASS,PASS,PREPARED_NOT_SIMULATED,/run/media/pjs/6A43-DC8A/smollm2-zybo/golden/s06_5_2_real_qproj_wrapper_tb/qproj_rg17
17,10,282,qproj_rg17,11,2147483647,11,11,0,1,0,16,PASS,PASS,PASS,PREPARED_NOT_SIMULATED,/run/media/pjs/6A43-DC8A/smollm2-zybo/golden/s06_5_2_real_qproj_wrapper_tb/qproj_rg17
18,9,297,qproj_rg18,-1,2147483647,-1,-1,0,1,0,16,PASS,PASS,PASS,PREPARED_NOT_SIMULATED,/run/media/pjs/6A43-DC8A/smollm2-zybo/golden/s06_5_2_real_qproj_wrapper_tb/qproj_rg18
18,12,300,qproj_rg18,-4,2147483647,-4,-4,0,1,0,16,PASS,PASS,PASS,PREPARED_NOT_SIMULATED,/run/media/pjs/6A43-DC8A/smollm2-zybo/golden/s06_5_2_real_qproj_wrapper_tb/qproj_rg18
20,12,332,qproj_rg20,-3,2147483647,-3,2147483647,0,1,0,15,PASS,PASS,PASS,PREPARED_NOT_SIMULATED,/run/media/pjs/6A43-DC8A/smollm2-zybo/golden/s06_5_2_real_qproj_wrapper_tb/qproj_rg20
21,1,337,qproj_rg21,8,2147483647,8,2147483647,0,1,0,15,PASS,PASS,PASS,PREPARED_NOT_SIMULATED,/run/media/pjs/6A43-DC8A/smollm2-zybo/golden/s06_5_2_real_qproj_wrapper_tb/qproj_rg21
21,8,344,qproj_rg21,-3,2147483647,-3,2147483647,0,1,0,15,PASS,PASS,PASS,PREPARED_NOT_SIMULATED,/run/media/pjs/6A43-DC8A/smollm2-zybo/golden/s06_5_2_real_qproj_wrapper_tb/qproj_rg21
22,4,356,qproj_rg22,2,2147483647,2,2147483647,0,1,0,15,PASS,PASS,PASS,PREPARED_NOT_SIMULATED,/run/media/pjs/6A43-DC8A/smollm2-zybo/golden/s06_5_2_real_qproj_wrapper_tb/qproj_rg22
22,11,363,qproj_rg22,11,2147483647,11,2147483647,0,1,0,15,PASS,PASS,PASS,PREPARED_NOT_SIMULATED,/run/media/pjs/6A43-DC8A/smollm2-zybo/golden/s06_5_2_real_qproj_wrapper_tb/qproj_rg22
23,13,381,qproj_rg23,-13,2147483647,-13,2147483647,0,1,0,15,PASS,PASS,PASS,PREPARED_NOT_SIMULATED,/run/media/pjs/6A43-DC8A/smollm2-zybo/golden/s06_5_2_real_qproj_wrapper_tb/qproj_rg23
24,1,385,qproj_rg24,-2,2147483647,-2,-2,0,1,0,16,PASS,PASS,PASS,PREPARED_NOT_SIMULATED,/run/media/pjs/6A43-DC8A/smollm2-zybo/golden/s06_5_2_real_qproj_wrapper_tb/qproj_rg24
25,2,402,qproj_rg25,6,2147483647,6,6,0,1,0,16,PASS,PASS,PASS,PREPARED_NOT_SIMULATED,/run/media/pjs/6A43-DC8A/smollm2-zybo/golden/s06_5_2_real_qproj_wrapper_tb/qproj_rg25
25,11,411,qproj_rg25,-15,2147483647,-15,2147483647,0,1,0,15,PASS,PASS,PASS,PREPARED_NOT_SIMULATED,/run/media/pjs/6A43-DC8A/smollm2-zybo/golden/s06_5_2_real_qproj_wrapper_tb/qproj_rg25
25,13,413,qproj_rg25,3,2147483647,3,2147483647,0,1,0,15,PASS,PASS,PASS,PREPARED_NOT_SIMULATED,/run/media/pjs/6A43-DC8A/smollm2-zybo/golden/s06_5_2_real_qproj_wrapper_tb/qproj_rg25
26,11,427,qproj_rg26,14,2147483647,14,2147483647,0,1,0,15,PASS,PASS,PASS,PREPARED_NOT_SIMULATED,/run/media/pjs/6A43-DC8A/smollm2-zybo/golden/s06_5_2_real_qproj_wrapper_tb/qproj_rg26
27,15,447,qproj_rg27,0,2147483647,0,0,0,1,0,16,PASS,PASS,PASS,PREPARED_NOT_SIMULATED,/run/media/pjs/6A43-DC8A/smollm2-zybo/golden/s06_5_2_real_qproj_wrapper_tb/qproj_rg27
28,9,457,qproj_rg28,-12,2147483647,-12,-12,0,1,0,16,PASS,PASS,PASS,PREPARED_NOT_SIMULATED,/run/media/pjs/6A43-DC8A/smollm2-zybo/golden/s06_5_2_real_qproj_wrapper_tb/qproj_rg28
30,0,480,qproj_rg30,12,2147483647,12,12,0,1,0,16,PASS,PASS,PASS,PREPARED_NOT_SIMULATED,/run/media/pjs/6A43-DC8A/smollm2-zybo/golden/s06_5_2_real_qproj_wrapper_tb/qproj_rg30
31,6,502,qproj_rg31,2,2147483647,2,2147483647,0,1,0,15,PASS,PASS,PASS,PREPARED_NOT_SIMULATED,/run/media/pjs/6A43-DC8A/smollm2-zybo/golden/s06_5_2_real_qproj_wrapper_tb/qproj_rg31
31,14,510,qproj_rg31,-2,2147483647,-2,2147483647,0,1,0,15,PASS,PASS,PASS,PREPARED_NOT_SIMULATED,/run/media/pjs/6A43-DC8A/smollm2-zybo/golden/s06_5_2_real_qproj_wrapper_tb/qproj_rg31
32,3,515,qproj_rg32,-16,2147483647,-16,2147483647,0,1,0,15,PASS,PASS,PASS,PREPARED_NOT_SIMULATED,/run/media/pjs/6A43-DC8A/smollm2-zybo/golden/s06_5_2_real_qproj_wrapper_tb/qproj_rg32
33,1,529,qproj_rg33,11,2147483647,11,11,0,1,0,16,PASS,PASS,PASS,PREPARED_NOT_SIMULATED,/run/media/pjs/6A43-DC8A/smollm2-zybo/golden/s06_5_2_real_qproj_wrapper_tb/qproj_rg33
33,12,540,qproj_rg33,-14,-14,-14,-14,1,1,1,16,PASS,PASS,PASS,PREPARED_NOT_SIMULATED,/run/media/pjs/6A43-DC8A/smollm2-zybo/golden/s06_5_2_real_qproj_wrapper_tb/qproj_rg33
34,8,552,qproj_rg34,4,2147483647,4,2147483647,0,1,0,15,PASS,PASS,PASS,PREPARED_NOT_SIMULATED,/run/media/pjs/6A43-DC8A/smollm2-zybo/golden/s06_5_2_real_qproj_wrapper_tb/qproj_rg34
35,7,567,qproj_rg35,-8,2147483647,-8,-8,0,1,0,16,PASS,PASS,PASS,PREPARED_NOT_SIMULATED,/run/media/pjs/6A43-DC8A/smollm2-zybo/golden/s06_5_2_real_qproj_wrapper_tb/qproj_rg35
