layer,point,len,cpu_min,cpu_max,cpu_mean,cpu_absmax,cpu_checksum,cpu_hash,fpga_min,fpga_max,fpga_mean,fpga_absmax,fpga_checksum,fpga_hash,checksum_abs_diff,mean_abs_diff,absmax_abs_diff,hash_match,large_divergence
-1,embedding_output,576,-0.498031616,0.406225204,0.00316934619,0.498031616,1.8255434,c2e5c2fbab4daf0c,-0.498031616,0.406225204,0.00316934619,0.498031616,1.8255434,c2e5c2fbab4daf0c,0.0,0.0,0.0,yes,no
0,after_input_rmsnorm,576,-0.510854781,0.576700091,0.00180824286,0.576700091,1.04154789,a378961d9fec528f,-0.510854781,0.576700091,0.00180824286,0.576700091,1.04154789,a378961d9fec528f,0.0,0.0,0.0,yes,no
0,q_proj_output,576,-7.39944601,4.43136311,-0.0595192881,7.39944601,-34.28311,09021a65d86413ff,-7.4296875,8388608.0,699050.603,8388608.0,402653147.0,a2cb9d626450a939,402653181.28311,699050.6625192881,8388600.60055399,no,yes
0,k_proj_output,192,-6.89074278,4.10310507,-0.144553689,6.89074278,-27.7543083,78fb4032a70db9e2,-6.91015625,8388608.0,611669.179,8388608.0,117440482.0,29bcacd808bece8e,117440509.7543083,611669.323553689,8388601.10925722,no,yes
0,v_proj_output,192,-0.241577595,0.299674392,0.00339766106,0.299674392,0.652350923,a8d6523649157380,-0.23828125,8388608.0,4456448.0,8388608.0,855638017.0,bf59ca3e47ca750e,855638016.3476491,4456447.996602339,8388607.700325608,no,yes
0,attention_output,576,-0.241577595,0.299674392,0.00339766106,0.299674392,1.95705277,79001d6b4704cef0,-0.23828125,8388608.0,4456448.0,8388608.0,2566914050.0,9d3e8768f8a3c7d6,2566914048.0429473,4456447.996602339,8388607.700325608,no,yes
0,o_proj_output,576,-2.08478808,0.42870605,-0.00525497666,2.08478808,-3.02686655,e89ad6199b1daca3,-247.273438,260.5,2.67969428,260.5,1543.50391,6af95603115b1079,1546.53077655,2.68494925666,258.41521192,no,yes
0,residual_after_attention,576,-2.11966968,0.33394435,-0.00208563049,2.11966968,-1.20132316,25ceaed17b06c461,-247.251343,260.558136,2.68286376,260.558136,1545.32953,44c7d86c1fa767a0,1546.5308531599999,2.68494939049,258.43846632,no,yes
0,after_post_attention_rmsnorm,576,-1.10981786,0.303899974,-0.00050002205,1.10981786,-0.288012701,81d483f7bc4f6765,-0.447542399,0.61600244,0.00563153918,0.61600244,3.24376657,4eb446882992ad90,3.531779271,0.00613156123,0.4938154199999999,no,yes
0,gate_proj_output,1536,-0.904022455,3.78825045,0.348433045,3.78825045,535.193158,ff91e7c91ade1caa,-2.25390625,8388608.0,447829.379,8388608.0,687865926.0,6a296de3b43d92fa,687865390.806842,447829.03056695504,8388604.21174955,no,yes
0,up_proj_output,1536,-1.33877969,2.08661485,0.0197172969,2.08661485,30.285768,83b8958aa2daf0c1,-1.6796875,8388608.0,496981.325,8388608.0,763363315.0,c2859d326a19cc93,763363284.714232,496981.30528270314,8388605.91338515,no,yes
0,silu_swiglu_output,1536,-3.95345759,7.72965717,0.0138406076,7.72965717,21.2591733,713d2dd4fcb3666a,-7634944.0,70368744200000.0,366503901000.0,70368744200000.0,562949991000000.0,56bbc5e3db61f1b8,562949990999978.8,366503900999.98615,70368744199992.27,no,yes
0,down_proj_output,576,-26.1087303,18.5463619,-0.122675978,26.1087303,-70.6613631,0b3753ce92314f2d,-1373.55469,8388608.0,87393.7245,8388608.0,50338785.3,c131901a499ee449,50338855.9613631,87393.847175978,8388581.8912697,no,yes
0,residual_after_mlp,576,-25.9847851,18.7736435,-0.124761607,25.9847851,-71.8626855,dcdb9363c122314f,-1459.51404,8388646.0,87396.4079,8388646.0,50340331.0,b5fe54fe9eecf308,50340402.8626855,87396.53266160701,8388620.0152149,no,yes
1,after_input_rmsnorm,576,-0.866513371,4.10411072,0.0017573154,4.10411072,1.01221367,8b1ff9e112090213,-0.00063218252,2.67915583,0.0180001897,2.67915583,10.3681093,a2a46c7eb41b7700,9.355895630000001,0.016242874299999998,1.4249548900000004,no,yes
1,q_proj_output,576,-10.5721693,16.0031624,0.00304319044,16.0031624,1.75287769,0c7d35789ebe58c2,-3.859375,8388608.0,14563.5357,8388608.0,8388596.56,56e12ff0c2f783df,8388594.80712231,14563.53265680956,8388591.9968376,no,yes
1,k_proj_output,192,-11.474865,12.5517015,0.0123908446,12.5517015,2.37904216,5e1dd2276ac88e17,-4.09765625,7.4765625,0.117675781,7.4765625,22.59375,a39a80a1e5184f87,20.21470784,0.1052849364,5.075139,no,yes
1,v_proj_output,192,-0.958395839,3.05870032,-0.00952964996,3.05870032,-1.82969279,6c475e5e16052496,-1.2578125,8388608.0,43690.6336,8388608.0,8388601.66,9619146c79b6f7c7,8388603.48969279,43690.64312964996,8388604.94129968,no,yes
1,attention_output,576,-0.958395839,3.05870032,-0.00952964996,3.05870032,-5.48907838,3ecd314b96d762aa,-1.2578125,8388608.0,43690.6336,8388608.0,25165805.0,2e6aa35ed8bb5773,25165810.48907838,43690.64312964996,8388604.94129968,no,yes
1,o_proj_output,576,-22.9517155,28.382967,-0.0388010065,28.382967,-22.3493797,6254f4ddf504e983,-78.234375,8388608.0,87379.6341,8388608.0,50330669.2,41f50e8647668349,50330691.54937971,87379.6729010065,8388579.617033,no,yes
1,residual_after_attention,576,-48.9365005,47.1566086,-0.163562616,48.9365005,-94.2120671,9bcb496bc3bdfe94,-1475.02576,8388750.0,174776.043,8388750.0,100671001.0,2879ed50aee2eae4,100671095.2120671,174776.20656261602,8388701.0634995,no,yes
1,after_post_attention_rmsnorm,576,-0.363119632,0.504320204,-0.00592336469,0.504320204,-3.41185806,dc06b0fa39dcce92,-0.000125833918,1.89444518,0.0286090341,1.89444518,16.4788037,3760e6b6dd1ecdb3,19.89066176,0.03453239879,1.390124976,no,yes
1,gate_proj_output,1536,-4.73721409,10.2254515,-0.356597622,10.2254515,-547.733947,baef4cd243d8d776,-2.9609375,8388608.0,21845.2694,8388608.0,33554333.8,48cf0e8dc1ccf4d2,33554881.533947,21845.625997622003,8388597.7745485,no,yes
1,up_proj_output,1536,-4.14121914,3.47207808,-0.0142194391,4.14121914,-21.8410585,7ade67cf373ba60e,-2.93359375,8388608.0,49151.9976,8388608.0,75497468.2,2909ba5bcd67d91c,75497490.0410585,49152.0118194391,8388603.85878086,no,yes
1,silu_swiglu_output,1536,-31.162262,8.47272301,-0.00268250457,31.162262,-4.12032702,7381b988c76785e7,-2332582.25,15457502.0,53128.433,15457502.0,81605273.0,559c1bd7eeb94439,81605277.12032703,53128.43568250457,15457470.837738,no,yes
1,down_proj_output,576,-48.2733269,215.602951,0.361148764,215.602951,208.021688,024d46927d2c41f3,-236.328125,8388608.0,203891.179,8388608.0,117441319.0,f00b827aff1d3db7,117441110.978312,203890.817851236,8388392.397049,no,yes
1,residual_after_mlp,576,-97.2098236,262.759552,0.197586136,262.759552,113.809614,fdedd111b8a15b38,-1498.89685,8388950.0,378667.223,8388950.0,218112321.0,d7949f0be328b40a,218112207.190386,378667.025413864,8388687.240448,no,yes
2,after_input_rmsnorm,576,-0.855969429,4.57731199,0.0070550374,4.57731199,4.06370154,6035fa29263daf89,-0.000111699861,1.737481,0.050958351,1.737481,29.3520102,837222aa373a60a4,25.28830866,0.0439033136,2.8398309900000003,no,yes
2,q_proj_output,576,-6.48196316,6.78983068,-0.0053353033,6.78983068,-3.0731347,fd582676f026de0f,-5.0390625,8388608.0,72817.9345,8388608.0,41943130.3,ec2cb9f87c75e044,41943133.373134695,72817.9398353033,8388601.21016932,no,yes
2,k_proj_output,192,-14.1584921,8.26633167,-0.0779520985,14.1584921,-14.9668029,03f80ea270d6f206,-6.4453125,5.39453125,0.117838542,6.4453125,22.625,21c28daaf2320333,37.5918029,0.1957906405,7.7131796,no,yes
2,v_proj_output,192,-1.14423859,2.05153465,0.0136614914,2.05153465,2.62300636,a42b2dbb437c3127,-1.57421875,8388608.0,43690.6655,8388608.0,8388607.79,b430bec361c1e1db,8388605.16699364,43690.6518385086,8388605.94846535,no,yes
2,attention_output,576,-1.14423859,2.05153465,0.0136614914,2.05153465,7.86901907,7f7c5a62a51d85bb,-1.57421875,8388608.0,43690.6655,8388608.0,25165823.4,18c12023dcf19d7f,25165815.53098093,43690.6518385086,8388605.94846535,no,yes
2,o_proj_output,576,-6.02161646,9.47265816,0.0166706706,9.47265816,9.60230626,29a81d6939647ae6,-125.246094,8388608.0,87380.7865,8388608.0,50331333.1,70da5117c7cdd241,50331323.49769374,87380.76982932941,8388598.52734184,no,yes
2,residual_after_attention,576,-87.7371674,259.301483,0.214256811,259.301483,123.411923,2e07a91958b9c857,-1469.14685,8389156.0,466048.013,8389156.0,268443655.0,911f1da09190988d,268443531.588077,466047.79874318896,8388896.698517,no,yes
2,after_post_attention_rmsnorm,576,-0.262245685,1.38625002,0.00413881855,1.38625002,2.38395949,9e47d5501b2cc9ba,-9.04700937e-05,1.35068834,0.0481261666,1.35068834,27.720672,f6f81a3cdc6c24cf,25.33671251,0.04398734805,0.03556168000000004,no,yes
2,gate_proj_output,1536,-1.75277185,12.6044683,-0.22748834,12.6044683,-349.422091,7f46af93e0496cb8,-3.82421875,8388608.0,43690.5811,8388608.0,67108732.6,39bf2c3691a6d17c,67109082.022091,43690.808588340005,8388595.3955317,no,yes
2,up_proj_output,1536,-4.94604063,5.42497301,0.00370089871,5.42497301,5.68458042,894c49ad17cebdbe,-3.12890625,8388608.0,54613.3417,8388608.0,83886092.8,4eee10436731c25b,83886087.11541958,54613.337999101284,8388602.57502699,no,yes
2,silu_swiglu_output,1536,-36.7629128,68.3786697,0.0269818751,68.3786697,41.4441602,c866d9567e75bb38,-7569408.0,11388884.0,8802.26856,11388884.0,13520284.5,5638ecc0f7e0e10d,13520243.0558398,8802.2415781249,11388815.6213303,no,yes
2,down_proj_output,576,-114.094261,548.912415,0.572159406,548.912415,329.563818,89f7217ad04650c0,-346.753906,8388608.0,160203.519,8388608.0,92277226.9,5199eead5edbc0a5,92276897.33618201,160202.946840594,8388059.087585,no,yes
2,residual_after_mlp,576,-150.294342,808.213867,0.786416154,808.213867,452.975705,6abf2dd956ceeee5,-1414.36951,8389214.0,626251.532,8389214.0,360720883.0,e9dc64ca9a8c92f2,360720430.024295,626250.745583846,8388405.786133,no,yes
3,after_input_rmsnorm,576,-2.31040454,4.0591712,0.00293732198,4.0591712,1.69189746,42662666d5c18bb7,-0.000125665989,1.65843141,0.080880519,1.65843141,46.5871789,ec564d62e035e49a,44.89528144,0.07794319702,2.40073979,no,yes
3,q_proj_output,576,-6.48044682,4.52492523,-0.0402908238,6.48044682,-23.2075145,ca62d35e0a2e74d2,-8.40625,8388608.0,116508.368,8388608.0,67108820.0,ac10d61d28ebd54e,67108843.2075145,116508.4082908238,8388601.51955318,no,yes
3,k_proj_output,192,-5.58782291,6.1512804,-0.0676091219,6.1512804,-12.9809514,83fa7e3c46ff1777,-5.8515625,8388608.0,87381.3137,8388608.0,16777212.2,b51cc394f52e7b3a,16777225.180951398,87381.3813091219,8388601.8487196,no,yes
3,v_proj_output,192,-0.496400446,0.199272633,-0.0113129661,0.496400446,-2.17208949,0173a65d82d44a73,-2.96875,8388608.0,131071.989,8388608.0,25165822.0,5a5ab50f3fbf17d1,25165824.17208949,131072.0003129661,8388607.503599554,no,yes
3,attention_output,576,-0.496400446,0.199272633,-0.0113129661,0.496400446,-6.51626847,99fb69e2b29b18fb,-2.96875,8388608.0,131071.989,8388608.0,75497465.9,fbf3de5ae7c50e91,75497472.41626848,131072.0003129661,8388607.503599554,no,yes
3,o_proj_output,576,-2.19913554,1.38404012,-0.0141497823,2.19913554,-8.15027461,df6a2b2a20a61daf,-125.574219,8388608.0,14562.8883,8388608.0,8388223.68,d65dd6d9ea5b8722,8388231.83027461,14562.902449782301,8388605.80086446,no,yes
3,residual_after_attention,576,-148.910309,806.014709,0.772266323,806.014709,444.825402,a9558cdb87bebff6,-1452.07263,8389228.0,640814.423,8389228.0,369109108.0,e392ad107a6d8f51,369108663.174598,640813.650733677,8388421.985291,no,yes
3,after_post_attention_rmsnorm,576,-0.237475708,1.20577168,0.00216546026,1.20577168,1.24730511,704e5985661722fb,-8.80877342e-05,1.15188122,0.0549244919,1.15188122,31.6365073,c63239ccfd27ef4c,30.389202190000002,0.052759031639999995,0.053890460000000084,no,yes
3,gate_proj_output,1536,-0.866625071,1.35614526,-0.125418354,1.35614526,-192.642592,71611d06f64fb73e,-3.28515625,8388608.0,81919.8954,8388608.0,125828959.0,3ffbaa59ed3430fd,125829151.642592,81920.020818354,8388606.64385474,no,yes
3,up_proj_output,1536,-0.858839512,1.10462475,0.00229750189,1.10462475,3.52896291,591dc158ee2eb308,-3.14453125,8388608.0,131071.998,8388608.0,201326589.0,73ad31e777c0fe15,201326585.4710371,131071.99570249811,8388606.89537525,no,yes
3,silu_swiglu_output,1536,-0.169754058,0.560690403,-0.000216740889,0.560690403,-0.332914005,66cb7d84cde52132,-9601024.0,11597344.0,40933.7013,11597344.0,62874165.2,992ece0894025ecc,62874165.532914005,40933.70151674089,11597343.439309597,no,yes
3,down_proj_output,576,-1.55970025,0.924284458,-0.0144786629,1.55970025,-8.33970981,04573097ced8ec32,-560.527344,8388608.0,131066.681,8388608.0,75494408.5,61fa17522263469a,75494416.8397098,131066.69547866289,8388606.44029975,no,yes
3,residual_after_mlp,576,-147.986023,804.455017,0.757787685,804.455017,436.485707,88afc44537fe7478,-1474.52234,8389236.0,771881.104,8389236.0,444603516.0,e36a61179ef8f119,444603079.514293,771880.346212315,8388431.544983,no,yes
4,after_input_rmsnorm,576,-2.08008337,3.45539761,0.00204129581,3.45539761,1.17578638,5fa85dfa4cdd7051,-0.000123745034,1.53243577,0.0842363516,1.53243577,48.5201385,5d3a3b5b1ce3720d,47.34435212,0.08219505579,1.92296184,no,yes
4,q_proj_output,576,-5.28775978,4.81208372,-0.0236069921,5.28775978,-13.5976274,89fde917bfe4cfde,-4.48828125,8388608.0,131072.067,8388608.0,75497510.5,6d281ed0d75d22a3,75497524.0976274,131072.0906069921,8388602.71224022,no,yes
4,k_proj_output,192,-4.99051237,5.36946964,-0.0851084321,5.36946964,-16.340819,083d3516b06f4339,-5.77734375,8388608.0,87381.3009,8388608.0,16777209.8,483d2f0cbb69066a,16777226.140819002,87381.3860084321,8388602.63053036,no,yes
4,v_proj_output,192,-0.227808654,0.397887141,-0.00378192743,0.397887141,-0.726130066,3804f90bbbf7f8a7,-2.73828125,8388608.0,131071.986,8388608.0,25165821.3,8dccc1217283f1b2,25165822.026130065,131071.98978192743,8388607.602112859,no,yes
4,attention_output,576,-0.227808654,0.397887141,-0.00378192743,0.397887141,-2.1783902,69c366ff76cdbd77,-2.73828125,8388608.0,131071.986,8388608.0,75497463.9,f5fe53e2e4cfb28a,75497466.07839021,131071.98978192743,8388607.602112859,no,yes
4,o_proj_output,576,-1.69669795,1.10504675,0.00308155605,1.69669795,1.77497628,6312c6a78937ebeb,-230.78125,8388608.0,58249.8722,8388608.0,33551926.4,58cf6931b9bb25c7,33551924.62502372,58249.869118443945,8388606.30330205,no,yes
4,residual_after_attention,576,-146.880981,802.758301,0.760869213,802.758301,438.260667,9b20061d3216bffa,-1398.46375,8389222.0,830130.971,8389222.0,478155439.0,082e10d11fea6a48,478155000.739333,830130.210130787,8388419.241699,no,yes
4,after_post_attention_rmsnorm,576,-0.279136568,1.49255025,0.00251425095,1.49255025,1.44820855,10746aef551b9f30,-9.54697534e-05,1.03690445,0.0657500521,1.03690445,37.87203,40681854263aaf06,36.423821450000005,0.06323580114999999,0.4556458000000001,no,yes
4,gate_proj_output,1536,-1.10361636,1.35715866,-0.216902343,1.35715866,-333.161998,32ff27ec2328582a,-3.36328125,8388608.0,103765.347,8388608.0,159383573.0,922b5f0ab279bc01,159383906.161998,103765.563902343,8388606.64284134,no,yes
4,up_proj_output,1536,-0.757252574,0.852321804,0.00604314665,0.852321804,9.28227326,57494ddc9a192ec9,-3.484375,8388608.0,174762.654,8388608.0,268435437.0,d945670dd5a9bf89,268435427.71772674,174762.64795685335,8388607.147678196,no,yes
4,silu_swiglu_output,1536,-0.104307711,0.136691734,0.0011590266,0.136691734,1.78026486,fa62bd020d283683,-16842752.0,18948290.0,32024.5419,18948290.0,49189696.3,12f5676afb51e565,49189694.519735135,32024.5407409734,18948289.863308266,no,yes
4,down_proj_output,576,-2.17705846,1.31585431,-0.0129698106,2.17705846,-7.47061089,e00004706c5c4fe9,-615.164062,8388608.0,101946.177,8388608.0,58720998.1,3978206f76503c93,58721005.57061089,101946.1899698106,8388605.82294154,no,yes
4,residual_after_mlp,576,-145.565125,800.581238,0.747899405,800.581238,430.790057,cfa90a2eaafd7d57,-2013.62781,16777296.0,932077.142,16777296.0,536876434.0,3107c4831759032d,536876003.209943,932076.394100595,16776495.418762,no,yes
5,after_input_rmsnorm,576,-2.18894625,4.46794462,0.00328813412,4.46794462,1.89396525,1a7eff0f0de319b2,-0.000137811614,1.45980895,0.0844562903,1.45980895,48.6468232,b7cf6bf9907aff43,46.75285795,0.08116815618,3.0081356699999997,no,yes
5,q_proj_output,576,-7.10676527,3.89026713,-0.0604106234,7.10676527,-34.7965191,586df9329cc375d6,-4.7109375,8388608.0,101944.941,8388608.0,58720285.7,7c809ed2c279cdaa,58720320.4965191,101945.0014106234,8388600.89323473,no,yes
5,k_proj_output,192,-5.68943882,4.68797874,0.00741477553,5.68943882,1.4236369,ee92014f0c5ad4a3,-5.16015625,8388608.0,87381.2044,8388608.0,16777191.2,f8c3e8a6739175f2,16777189.776363099,87381.19698522447,8388602.31056118,no,yes
5,v_proj_output,192,-0.192720458,0.793265998,0.0071903196,0.793265998,1.38054136,0745b8d06a1d093e,-2.5546875,8388608.0,305834.698,8388608.0,58720262.0,7782deba60352f9f,58720260.61945864,305834.6908096804,8388607.206734002,no,yes
5,attention_output,576,-0.192720458,0.793265998,0.0071903196,0.793265998,4.14162409,21f065449d39f522,-2.5546875,8388608.0,305834.698,8388608.0,176160786.0,ab083b92ae8c0e23,176160781.8583759,305834.6908096804,8388607.206734002,no,yes
5,o_proj_output,576,-4.7176981,3.6034143,0.00395849894,4.7176981,2.28009539,f8e5ef5753338d49,-228.9375,8388608.0,29129.8961,8388608.0,16778820.1,da45c9ab3dd6ffa6,16778817.81990461,29129.892141501063,8388603.2823019,no,yes
5,residual_after_attention,576,-141.961716,795.863525,0.751857871,795.863525,433.070134,372e86af3b5b48b6,-1986.49109,16777264.0,961207.045,16777264.0,553655258.0,81f19cefbe3b2c9e,553654824.929866,961206.2931421291,16776468.136475,no,yes
5,after_post_attention_rmsnorm,576,-0.368748009,1.74123573,0.00272382949,1.74123573,1.56892579,062765dc97e04deb,-9.2618604e-05,1.22216761,0.0716582543,1.22216761,41.2751545,a999852f25265015,39.70622871,0.06893442481,0.51906812,no,yes
5,gate_proj_output,1536,-1.71639907,0.992440701,-0.274980854,1.71639907,-422.370592,b5b3cf742081c15b,-4.59375,8388608.0,163839.932,8388608.0,251658136.0,4f0b15b9c579098d,251658558.370592,163840.206980854,8388606.28360093,no,yes
5,up_proj_output,1536,-0.587137401,1.18094885,-0.00275828033,1.18094885,-4.23671858,85ebc401b086e69e,-3.87890625,8388608.0,131072.026,8388608.0,201326632.0,662e8bb78a6b6ea1,201326636.23671857,131072.02875828033,8388606.81905115,no,yes
5,silu_swiglu_output,1536,-0.238820508,0.156095788,0.000536173412,0.238820508,0.823562361,f059551794fef658,-11239424.0,21331968.0,39511.8615,21331968.0,60690219.3,fd0e1437d66fa0e7,60690218.476437636,39511.860963826584,21331967.761179492,no,yes
5,down_proj_output,576,-2.62252235,1.73548615,-0.0126710226,2.62252235,-7.29850904,c62c443f0413c660,-693.566406,8388608.0,72814.4689,8388608.0,41941134.1,6768df2a6c7f12a7,41941141.39850904,72814.48157102261,8388605.37747765,no,yes
5,residual_after_mlp,576,-140.226227,793.241028,0.739186907,793.241028,425.771659,9c448d305f17cd9e,-1857.76843,16777510.0,1034021.51,16777510.0,595596392.0,aef40d963ab5e62c,595595966.228341,1034020.770813093,16776716.758972,no,yes
6,after_input_rmsnorm,576,-2.12036467,4.58581209,0.00376692452,4.58581209,2.16974852,325b5e0671d69c6c,-0.000123931997,1.48133385,0.0866861785,1.48133385,49.9312388,a874a42c4a32802f,47.761490280000004,0.08291925398,3.10447824,no,yes
6,q_proj_output,576,-5.81887102,5.6671524,0.0744979637,5.81887102,42.9108271,8a7e24f9f06a9bb5,-4.8828125,8388608.0,174762.752,8388608.0,100663345.0,44ac07450eb835b2,100663302.0891729,174762.6775020363,8388602.18112898,no,yes
6,k_proj_output,192,-5.19774961,6.6592617,-0.0205710377,6.6592617,-3.94963924,dd61c04d1fd25f3d,-3.2109375,8388608.0,218453.569,8388608.0,41943085.2,11396f31561c2c2c,41943089.14963924,218453.58957103768,8388601.3407383,no,yes
6,v_proj_output,192,-0.186909065,0.63628912,-0.00273763872,0.63628912,-0.525626634,8187498c941285f8,-3.6640625,8388608.0,218453.481,8388608.0,41943068.3,0dce5c0dbe406dbf,41943068.825626634,218453.48373763871,8388607.36371088,no,yes
6,attention_output,576,-0.186909065,0.63628912,-0.00273763872,0.63628912,-1.5768799,8944f79bc3dc277c,-3.6640625,8388608.0,218453.481,8388608.0,125829205.0,30adad877f70d947,125829206.5768799,218453.48373763871,8388607.36371088,no,yes
6,o_proj_output,576,-4.05476952,2.12748885,0.00909792597,4.05476952,5.24040536,3b13ad44a5ad6d6e,-161.253906,8388608.0,43695.2676,8388608.0,25168474.1,b8fd83995fc76b5b,25168468.859594643,43695.25850207403,8388603.94523048,no,yes
6,residual_after_attention,576,-138.09874,789.186279,0.748284876,789.186279,431.012088,4c9d01a694909a64,-1744.47937,16777564.0,1077716.79,16777564.0,620764868.0,e580076e28b2467f,620764436.987912,1077716.041715124,16776774.813721,no,yes
6,after_post_attention_rmsnorm,576,-0.49752599,1.60791945,0.0020415742,1.60791945,1.17594674,57d66743506ae074,-9.25043641e-05,1.15606678,0.0717491011,1.15606678,41.3274822,e02366876520f114,40.15153546,0.06970752690000001,0.45185267000000007,no,yes
6,gate_proj_output,1536,-1.08892155,1.00609493,-0.150707074,1.08892155,-231.486066,b9911a841c0e789d,-2.89453125,8388608.0,262143.925,8388608.0,402653068.0,6bec3a813801d9f4,402653299.486066,262144.07570707396,8388606.91107845,no,yes
6,up_proj_output,1536,-0.776901066,1.45571303,-0.00272897116,1.45571303,-4.1916997,8276de17d9721c4a,-3.140625,8388608.0,218453.319,8388608.0,335544299.0,47c37f7bfb5fb67b,335544303.1916997,218453.32172897115,8388606.54428697,no,yes
6,silu_swiglu_output,1536,-0.116667651,0.192648038,0.000351525697,0.192648038,0.539943471,e8655875edba128e,-20152320.0,70368744200000.0,45813055300.0,70368744200000.0,70368852900000.0,e7be06213f3e4dad,70368852899999.45,45813055299.99965,70368744199999.81,no,yes
6,down_proj_output,576,-3.01525187,1.7073735,-0.00999763062,3.01525187,-5.75863524,1ce9a056a9ed820e,-1027.85547,8388608.0,58246.8997,8388608.0,33550214.3,4b753289eedce344,33550220.058635242,58246.909697630625,8388604.98474813,no,yes
6,residual_after_mlp,576,-136.963806,786.171021,0.738287238,786.171021,425.253449,4e3787768bd24eee,-2772.33496,16777278.0,1135963.68,16777278.0,654315081.0,9b8aaa69a38d6d9b,654314655.746551,1135962.941712762,16776491.828979,no,yes
7,after_input_rmsnorm,576,-2.22608638,5.06159496,0.00362448125,5.06159496,2.0877012,f757a72626986f70,-0.000203762072,1.88420534,0.110750942,1.88420534,63.7925426,4f4fabe6261cd9ce,61.7048414,0.10712646075,3.1773896199999996,no,yes
7,q_proj_output,576,-5.92683935,2.90388393,-0.0892806908,5.92683935,-51.4256779,cc24130c0d4062f9,-5.4921875,8388608.0,189326.311,8388608.0,109051955.0,1bc3dc9084a0ee88,109052006.4256779,189326.40028069078,8388602.07316065,no,yes
7,k_proj_output,192,-5.39559889,4.34561443,-0.0105935609,5.39559889,-2.0339637,0d9cb200058e80f6,-5.2734375,8388608.0,87381.2917,8388608.0,16777208.0,27e55b7e98771a51,16777210.0339637,87381.3022935609,8388602.60440111,no,yes
7,v_proj_output,192,-0.322906733,0.389731884,-0.01010822,0.389731884,-1.94077824,956f8483c455e7a7,-3.99609375,8388608.0,174762.663,8388608.0,33554431.3,4cb731f0518bb6fd,33554433.24077824,174762.67310822,8388607.610268116,no,yes
7,attention_output,576,-0.322906733,0.389731884,-0.01010822,0.389731884,-5.82233473,e9206f8dc1db0c6b,-3.99609375,8388608.0,174762.663,8388608.0,100663294.0,c849a55f8bf2b8d1,100663299.82233474,174762.67310822,8388607.610268116,no,yes
7,o_proj_output,576,-2.60998678,1.40985346,-0.0071483945,2.60998678,-4.11747523,825521ccb9068cb1,-128.664062,8388608.0,58254.1412,8388608.0,33554385.3,268b6505b1753ae5,33554389.41747523,58254.1483483945,8388605.39001322,no,yes
7,residual_after_attention,576,-136.087463,783.561035,0.731138856,783.561035,421.135981,75f1ce96c68890b3,-2687.93262,16777250.0,1194217.83,16777250.0,687869468.0,9698bdbb263f04fc,687869046.864019,1194217.0988611442,16776466.438965,no,yes
7,after_post_attention_rmsnorm,576,-0.629139721,1.56372643,0.00163106292,1.56372643,0.93949224,256f872e0ef88909,-0.000113168528,1.142362,0.0774240524,1.142362,44.5962542,76266b2a777124ee,43.65676196,0.07579298948,0.4213644299999999,no,yes
7,gate_proj_output,1536,-0.897698224,1.85407925,-0.117451279,1.85407925,-180.405164,609541767e58ff71,-4.82421875,8388608.0,191146.522,8388608.0,293601058.0,34f4d1642e8389e5,293601238.405164,191146.63945127898,8388606.14592075,no,yes
7,up_proj_output,1536,-1.47342634,2.256042,-0.0012573867,2.256042,-1.93134598,89bf6a3623f49802,-3.2890625,8388608.0,174762.68,8388608.0,268435477.0,05f2f25ee7315d21,268435478.931346,174762.6812573867,8388605.743958,no,yes
7,silu_swiglu_output,1536,-0.190352798,1.87319458,0.00313363418,1.87319458,4.81326211,0a7829f95743b550,-18612224.0,70368744200000.0,183251963000.0,70368744200000.0,281475016000000.0,f00c3d945028db8c,281475015999995.2,183251962999.99686,70368744199998.12,no,yes
7,down_proj_output,576,-9.23144245,4.56173038,-0.00632926355,9.23144245,-3.6456558,d6d753cd08f403c8,-735.804688,8388608.0,72821.9463,8388608.0,41945441.0,0596d2d2ff049133,41945444.6456558,72821.95262926354,8388598.76855755,no,yes
7,residual_after_mlp,576,-135.551346,774.32959,0.724809602,774.32959,417.490331,e4655b37cc50c280,-1668.20215,16777272.0,1267039.78,16777272.0,729814912.0,f1d27489387bcd39,729814494.509669,1267039.0551903981,16776497.67041,no,yes
8,after_input_rmsnorm,576,-2.32924986,5.70886898,0.00459205097,5.70886898,2.64502136,3367eaad527b2566,-0.000138052594,1.49378455,0.104257815,1.49378455,60.0525015,aa2232862a76c375,57.40748014,0.09966576403,4.21508443,no,yes
8,q_proj_output,576,-5.76305008,4.78455544,-0.0732908208,5.76305008,-42.2155128,38d913dbf9dc34a6,-4.546875,8388608.0,174762.578,8388608.0,100663245.0,9f37e689a9175a3a,100663287.2155128,174762.6512908208,8388602.23694992,no,yes
8,k_proj_output,192,-5.60912132,6.47646999,-0.065957376,6.47646999,-12.6638162,d58b6e7987b8fcfc,-2.90625,8388608.0,131072.045,8388608.0,25165832.7,8e6824a1315e9292,25165845.363816198,131072.11095737602,8388601.52353001,no,yes
8,v_proj_output,192,-0.440594733,1.06150889,0.00780105777,1.06150889,1.49780309,91090e98c554f40f,-2.921875,8388608.0,174762.631,8388608.0,33554425.2,26ddaaa189b5f16c,33554423.70219691,174762.62319894222,8388606.93849111,no,yes
8,attention_output,576,-0.440594733,1.06150889,0.00780105777,1.06150889,4.49340927,ecf3f94361b62db7,-2.921875,8388608.0,174762.631,8388608.0,100663276.0,47c1f01ed7d45a30,100663271.50659072,174762.62319894222,8388606.93849111,no,yes
8,o_proj_output,576,-1.58777511,1.25421929,-0.0137068222,1.58777511,-7.89512957,1eef89a4413fcfac,-183.863281,8388608.0,14563.3156,8388608.0,8388469.79,00ff83ecf3962557,8388477.68512957,14563.3293068222,8388606.41222489,no,yes
8,residual_after_attention,576,-134.297119,773.416992,0.711102791,773.416992,409.595208,630d27e74cec23f0,-1758.81152,16777376.0,1281603.09,16777376.0,738203382.0,712261240fa2a355,738202972.404792,1281602.3788972092,16776602.583008,no,yes
8,after_post_attention_rmsnorm,576,-1.20258152,2.04621959,0.00130100851,2.04621959,0.749380905,f0abebde4608d467,-0.000125191553,1.1651932,0.0818204323,1.1651932,47.128569,8d1e0db6a2db4ea7,46.379188094999996,0.08051942378999999,0.8810263900000002,no,yes
8,gate_proj_output,1536,-0.848999619,4.3450098,-0.00102208299,4.3450098,-1.56991948,a5fafe9035e7b21c,-4.15234375,8388608.0,202069.254,8388608.0,310378374.0,0bdd3bb4dcaacc7f,310378375.56991947,202069.25502208297,8388603.6549902,no,yes
8,up_proj_output,1536,-3.43487,3.98140717,0.000756626891,3.98140717,1.16217891,fd168066ccdfdc23,-3.76953125,8388608.0,163839.985,8388608.0,251658218.0,dc9582e63aad6701,251658216.8378211,163839.9842433731,8388604.01859283,no,yes
8,silu_swiglu_output,1536,-9.02573586,17.0777302,0.00719342104,17.0777302,11.0490947,eed644afb727208b,-19922944.0,18251776.0,49136.3021,19922944.0,75473360.1,aa9f83b98da64b49,75473349.05090529,49136.29490657896,19922926.9222698,no,yes
8,down_proj_output,576,-118.400299,62.1708374,-0.056848419,118.400299,-32.7446893,656c59ec05df2e39,-882.246094,647.550781,-0.0969170464,882.246094,-55.8242188,28fd7567ebd8d1ce,23.0795295,0.0400686274,763.845795,no,yes
8,residual_after_mlp,576,-100.386322,655.016724,0.654254417,655.016724,376.850544,01e6c159b1ab8668,-1671.68127,16777872.0,1281602.99,16777872.0,738203324.0,7ebea02c9eccd64a,738202947.149456,1281602.335745583,16777216.983276,no,yes
9,after_input_rmsnorm,576,-1.40522134,3.83924174,0.00197595232,3.83924174,1.13814854,c6c68f898015975f,-0.000135850481,1.16518152,0.0909244886,1.16518152,52.3725054,0c9e9018834dc239,51.23435686,0.08894853628,2.67406022,no,yes
9,q_proj_output,576,-5.20926428,5.68103886,0.00707550265,5.68103886,4.07548953,9f2d83201f951f12,-4.73046875,8388608.0,145635.556,8388608.0,83886080.4,da0d391e22786512,83886076.32451047,145635.54892449736,8388602.31896114,no,yes
9,k_proj_output,192,-2.72332883,4.86353111,0.0890632895,4.86353111,17.1001516,ccc3c7aabf707837,-5.84765625,8388608.0,218453.45,8388608.0,41943062.3,8c19dea528efa146,41943045.1998484,218453.36093671052,8388603.13646889,no,yes
9,v_proj_output,192,-0.719145298,0.77580601,0.00518501826,0.77580601,0.995523506,f289609a5314a021,-2.703125,8388608.0,262144.015,8388608.0,50331650.9,bdcd89cec96e64d8,50331649.90447649,262144.0098149818,8388607.22419399,no,yes
9,attention_output,576,-0.719145298,0.77580601,0.00518501826,0.77580601,2.98657052,25deba3862fd044d,-2.703125,8388608.0,262144.015,8388608.0,150994953.0,4eb9f6111a491410,150994950.0134295,262144.0098149818,8388607.22419399,no,yes
9,o_proj_output,576,-3.24196887,1.88035822,-0.00294889306,3.24196887,-1.6985624,28c115022e09a5b1,-207.476562,8388608.0,29124.8736,8388608.0,16775927.2,f8f2cc03c72a519b,16775928.8985624,29124.87654889306,8388604.75803113,no,yes
9,residual_after_attention,576,-99.7495651,653.380615,0.651305489,653.380615,375.151961,a15d7d57c2751b11,-1626.84998,16777890.0,1310727.86,16777890.0,754979248.0,a65d751c00d677b6,754978872.848039,1310727.208694511,16777236.619385,no,yes
9,after_post_attention_rmsnorm,576,-2.08234572,2.45019627,0.000841038038,2.45019627,0.48443791,5470533dc027a7fd,-0.000121973833,1.16255677,0.08552519,1.16255677,49.2625095,707fa416287c152c,48.77807159,0.084684151962,1.2876395000000003,no,yes
9,gate_proj_output,1536,-1.66526127,10.7568665,-0.0159914625,10.7568665,-24.5628863,d92fb95f6ece94f4,-3.71484375,8388608.0,174762.584,8388608.0,268435330.0,8e0affd26d21fa30,268435354.5628863,174762.5999914625,8388597.2431335,no,yes
9,up_proj_output,1536,-9.11505795,4.48286867,-0.00153314969,9.11505795,-2.35491792,bf6de2fdf836d2ba,-4.6640625,8388608.0,147455.995,8388608.0,226492409.0,d6abc68c16ac4a3f,226492411.3549179,147455.99653314968,8388598.88494205,no,yes
9,silu_swiglu_output,1536,-98.0473633,7.15036058,-0.0629937258,98.0473633,-96.7583628,04061ed0fc78692a,-13598720.0,14420228.0,13330.7847,14420228.0,20476085.3,05cfede5a06584b3,20476182.0583628,13330.8476937258,14420129.9526367,no,yes
9,down_proj_output,576,-552.555908,92.5738907,-0.620369493,552.555908,-357.332828,887b9fc2a1e1be25,-713.554688,8388608.0,101932.588,8388608.0,58713170.7,15dc7b3ee3ba90b4,58713528.032828,101933.208369493,8388055.444092,no,yes
9,residual_after_mlp,576,-28.2646942,100.824707,0.0309359904,100.824707,17.8191305,784e8426d61a62a9,-1756.23499,16777440.0,1412660.45,16777440.0,813692421.0,29574d34883ccd02,813692403.1808695,1412660.4190640096,16777339.175293,no,yes
10,after_input_rmsnorm,576,-0.739546597,2.88348436,0.00125812802,2.88348436,0.724681738,37f91204bafdb873,-0.000135414084,1.23782825,0.0970874137,1.23782825,55.9223503,b91ffa48b2ff8afe,55.197668562,0.09582928568,1.6456561100000002,no,yes
10,q_proj_output,576,-7.20772648,8.0426054,0.0166386666,8.0426054,9.58387198,aa574c9b8bfd7e3e,-4.875,8388608.0,58254.1992,8388608.0,33554418.7,baeefeec39fa85d6,33554409.11612802,58254.1825613334,8388599.9573946,no,yes
10,k_proj_output,192,-9.25933361,7.63254786,-0.0661729626,9.25933361,-12.7052088,539869d9902e960d,-3.79296875,8388608.0,87381.368,8388608.0,16777222.6,b5c2d99673d0cad6,16777235.305208802,87381.4341729626,8388598.74066639,no,yes
10,v_proj_output,192,-1.6291821,2.04594851,-0.00596219926,2.04594851,-1.14474226,70a511779618c866,-2.22265625,8388608.0,174762.679,8388608.0,33554434.4,86f90406aba31a49,33554435.54474226,174762.68496219927,8388605.95405149,no,yes
10,attention_output,576,-1.6291821,2.04594851,-0.00596219926,2.04594851,-3.43422677,30216a4a0b037f8a,-2.22265625,8388608.0,174762.679,8388608.0,100663303.0,5b3dc9511759ff01,100663306.43422677,174762.68496219927,8388605.95405149,no,yes
10,o_proj_output,576,-5.18641233,8.67813206,-0.0353614686,8.67813206,-20.3682059,0ead8832f9d86559,-173.121094,8388608.0,29128.3364,8388608.0,16777921.7,8222af761ad82a11,16777942.0682059,29128.3717614686,8388599.32186794,no,yes
10,residual_after_attention,576,-28.3566494,109.502838,-0.0044254932,109.502838,-2.54908408,c8f95c7637108c3b,-1727.52966,16777436.0,1441788.8,16777436.0,830470346.0,85dd159e88f4c01f,830470348.5490841,1441788.8044254933,16777326.497162,no,yes
10,after_post_attention_rmsnorm,576,-0.635204554,2.08756876,-0.000575055417,2.08756876,-0.33123192,3ea920fa891deb04,-0.000138318836,1.15736604,0.0917199153,1.15736604,52.8306712,e2d3cdeef428849a,53.16190312,0.09229497071699999,0.9302027199999998,no,yes
10,gate_proj_output,1536,-3.45337868,3.94727445,-0.53929412,3.94727445,-828.355768,8b52054431d119d0,-4.19140625,8388608.0,218453.265,8388608.0,335544216.0,4b34cde14b8be6b4,335545044.355768,218453.80429412003,8388604.05272555,no,yes
10,up_proj_output,1536,-8.10222435,11.245615,-0.00146442243,11.245615,-2.24935285,e9fd9b64c507538f,-4.515625,8388608.0,196607.974,8388608.0,301989848.0,092eb7b3da4b2b4e,301989850.2493529,196607.97546442243,8388596.754385,no,yes
10,silu_swiglu_output,1536,-15.0760221,2.60034609,-0.0266204049,15.0760221,-40.888942,28d7acc31912837c,-21626880.0,16187392.0,10475.0637,21626880.0,16089697.8,153252ce58da77f4,16089738.688942,10475.090320404901,21626864.9239779,no,yes
10,down_proj_output,576,-76.1509705,22.4666309,0.10104572,76.1509705,58.2023347,4862dd9b5a7551e2,-586.117188,8388425.5,14581.2496,8388425.5,8398799.77,5459a8f93f0ed73c,8398741.5676653,14581.14855428,8388349.3490295,no,yes
10,residual_after_mlp,576,-26.6376534,33.3518677,0.0966202298,33.3518677,55.6532524,cbb716981820e63d,-1945.67383,16777588.0,1456370.04,16777588.0,838869145.0,af2944e69e327cd8,838869089.3467476,1456369.9433797703,16777554.6481323,no,yes
11,after_input_rmsnorm,576,-0.887739182,1.67942965,0.00832155485,1.67942965,4.79321559,b8cbabc4a3c441ad,-0.000162624405,1.12913585,0.0949251168,1.12913585,54.6768673,f0399528e4be1166,49.883651709999995,0.08660356195,0.5502938000000002,no,yes
11,q_proj_output,576,-9.34282398,7.10442638,-0.12785305,9.34282398,-73.6433566,bf0bd038dc071405,-3.984375,8388608.0,218453.375,8388608.0,125829144.0,2a0620607bcfff99,125829217.6433566,218453.50285305,8388598.65717602,no,yes
11,k_proj_output,192,-20.0727386,13.1039724,-0.161011291,20.0727386,-30.9141679,5a48f9c75b1963ac,-3.19921875,8388608.0,43690.6091,8388608.0,8388596.95,8b69abad15ccbc85,8388627.8641679,43690.770111291,8388587.9272614,no,yes
11,v_proj_output,192,-4.96074247,2.87962461,0.0262347501,4.96074247,5.03707201,15a14ecc86ef7d8a,-2.2578125,8388608.0,262144.01,8388608.0,50331650.0,276316b2155a92eb,50331644.96292799,262143.9837652499,8388603.03925753,no,yes
11,attention_output,576,-4.96074247,2.87962461,0.0262347501,4.96074247,15.111216,cb6da6da1a36f256,-2.2578125,8388608.0,262144.01,8388608.0,150994950.0,93f458196e54766f,150994934.888784,262143.9837652499,8388603.03925753,no,yes
11,o_proj_output,576,-12.2091513,19.031601,-0.197302833,19.031601,-113.646432,4b1f7b9abca2e00b,-169.371094,8388608.0,29126.7777,8388608.0,16777023.9,3e699f79a7a118cb,16777137.546432,29126.975002832998,8388588.968399,no,yes
11,residual_after_attention,576,-28.9110222,40.7367096,-0.100682593,40.7367096,-57.9931735,b9a24d60ff922bf7,-1943.04492,16777684.0,1485496.81,16777684.0,855646164.0,0cc904bd77529584,855646221.9931735,1485496.910682593,16777643.2632904,no,yes
11,after_post_attention_rmsnorm,576,-1.15132332,0.634213448,-0.00083903308,1.15132332,-0.483283054,68e50801567ee555,-0.000187012993,1.1366806,0.0976357415,1.1366806,56.2381871,efc6da2e226702a5,56.721470153999995,0.09847477458,0.014642719999999887,no,yes
11,gate_proj_output,1536,-5.27604389,47.532505,-0.726196519,47.532505,-1115.43785,ed893001c589e2a4,-4.0625,8388608.0,158378.681,8388608.0,243269654.0,34842c1cc6c74495,243270769.43785,158379.40719651902,8388560.467495,no,yes
11,up_proj_output,1536,-12.6602783,67.2799225,0.101658626,67.2799225,156.147649,7be5fa46d20a3daa,-4.89453125,8388608.0,141994.698,8388608.0,218103855.0,554ab375ea9a0390,218103698.852351,141994.596341374,8388540.7200775,no,yes
11,silu_swiglu_output,1536,-7.14621449,3197.98315,2.80753407,3197.98315,4312.37232,b424bb50f32b5f7b,-41058304.0,19398656.0,-17448.5524,41058304.0,-26800976.5,5817f19607225cea,26805288.87232,17451.359934070002,41055106.01685,no,yes
11,down_proj_output,576,-794.492188,25855.5137,47.9599849,25855.5137,27624.9513,868856bb03e1ff10,-677.796875,8388608.0,29139.1815,8388608.0,16784168.5,401a92b0e1fa7883,16756543.5487,29091.2215151,8362752.4863,no,yes
11,residual_after_mlp,576,-821.874146,25896.25,47.8593015,25896.25,27566.9577,02c016336ed605f2,-2113.04492,16777708.0,1514636.0,16777708.0,872430337.0,f2cdc765f01e9596,872402770.0423,1514588.1406985,16751811.75,no,yes
12,after_input_rmsnorm,576,-0.343188196,2.43535471,0.00587790805,2.43535471,3.38567504,f3866f37798777a4,-0.000230786871,1.24249864,0.114329123,1.24249864,65.8535751,12017cbfb00fcfc5,62.46790006,0.10845121495,1.19285607,no,yes
12,q_proj_output,576,-0.652215779,0.667456627,-0.002294736,0.667456627,-1.32176793,9c5ef3849eb78827,-7.18359375,8388608.0,174762.69,8388608.0,100663310.0,87bd91063fa4d047,100663311.32176793,174762.692294736,8388607.332543373,no,yes
12,k_proj_output,192,-2.57771325,2.94664145,0.0183573886,2.94664145,3.52461862,722f8119a3091ce5,-4.1953125,8388608.0,218453.372,8388608.0,41943047.5,7c3c88428528e405,41943043.97538138,218453.35364261142,8388605.05335855,no,yes
12,v_proj_output,192,-1.72102964,1.16307926,-0.00790211371,1.72102964,-1.51720583,d21acf4066467215,-3.3828125,8388608.0,87381.3197,8388608.0,16777213.4,1227bb6f780da077,16777214.917205831,87381.3276021137,8388606.27897036,no,yes
12,attention_output,576,-1.72102964,1.16307926,-0.00790211371,1.72102964,-4.55161749,2d9e1fdabbedd21d,-3.3828125,8388608.0,87381.3197,8388608.0,50331640.2,59198ab831c74e67,50331644.75161749,87381.3276021137,8388606.27897036,no,yes
12,o_proj_output,576,-8.62622166,6.76045847,-0.00519815242,8.62622166,-2.99413579,6ce6af23dc22708a,-129.351562,8388608.0,14565.2014,8388608.0,8389556.0,74643814366c7444,8389558.99413579,14565.20659815242,8388599.37377834,no,yes
12,residual_after_attention,576,-826.882141,25887.623,47.8541022,25887.623,27563.9629,82f43fd01b11e1ae,-2033.6543,16777686.0,1529201.2,16777686.0,880819893.0,ef521d762525e2c4,880792329.0371,1529153.3458978,16751798.377,no,yes
12,after_post_attention_rmsnorm,576,-0.117021352,0.227666751,0.000605824866,0.227666751,0.348955123,fc8ce8001526b74a,-0.0001930695,1.07226622,0.0949534421,1.07226622,54.6931826,d9b17a05097c5ba6,54.344227477,0.094347617234,0.8445994689999999,no,yes
12,gate_proj_output,1536,-0.395755976,0.724139094,0.10381091,0.724139094,159.453558,351b2f133aade17d,-3.25,8388608.0,152917.408,8388608.0,234881138.0,98d2ae8c0a037e2a,234880978.546442,152917.30418909,8388607.275860906,no,yes
12,up_proj_output,1536,-0.363160104,0.407041818,0.000188271712,0.407041818,0.289185349,988f07edc5afc3c9,-5.15625,8388608.0,174762.622,8388608.0,268435387.0,b2770b9473836732,268435386.71081465,174762.62181172828,8388607.592958182,no,yes
12,silu_swiglu_output,1536,-0.113488272,0.0496779643,-9.7615023e-05,0.113488272,-0.149936675,0b371f96f20814bc,-18087936.0,70368744200000.0,91626031900.0,70368744200000.0,140737585000000.0,2e9535f230ae87ae,140737585000000.16,91626031900.00009,70368744199999.89,no,yes
12,down_proj_output,576,-1.579252,0.786401331,-0.000946617732,1.579252,-0.545251814,2c9dd60a3967db73,-609.042969,8388608.0,72813.5318,8388608.0,41940594.3,9a476937911de943,41940594.84525181,72813.53274661773,8388606.420748,no,yes
12,residual_after_mlp,576,-826.868164,25886.043,47.8531539,25886.043,27563.4166,92d8bcc3936e9e26,-2145.51807,16778064.0,1602014.73,16778064.0,922760483.0,2e312ce056e87568,922732919.5834,1601966.8768461,16752177.957,no,yes
13,after_input_rmsnorm,576,-0.138917699,2.51681209,0.00608833156,2.51681209,3.50687898,9393ac6a8902b5e1,-0.000226128832,1.92464471,0.11984657,1.92464471,69.0316242,ad452e69b151a208,65.52474522,0.11375823843999999,0.5921673800000002,no,yes
13,q_proj_output,576,-0.577381432,0.625936329,-0.000834402655,0.625936329,-0.480615929,0189e3a69c47971a,-5.296875,8388608.0,145635.694,8388608.0,83886160.0,944ed5f004e47dcf,83886160.48061593,145635.69483440265,8388607.374063671,no,yes
13,k_proj_output,192,-2.9411242,4.59024239,0.0229287058,4.59024239,4.40231151,80bd5488f5a4a795,-4.55859375,8388608.0,87381.5614,8388608.0,16777259.8,95ed322810cac2ca,16777255.39768849,87381.5384712942,8388603.40975761,no,yes
13,v_proj_output,192,-0.583335936,1.29328418,0.00483348486,1.29328418,0.928029093,9d83e5e4b8ed5630,-4.640625,8388608.0,174762.615,8388608.0,33554422.1,82f4e28d5bf2e56d,33554421.171970908,174762.61016651514,8388606.70671582,no,yes
13,attention_output,576,-0.583335936,1.29328418,0.00483348486,1.29328418,2.78408728,cdf24afbb8867650,-4.640625,8388608.0,174762.615,8388608.0,100663266.0,b3ee6adb7c495e4d,100663263.21591271,174762.61016651514,8388606.70671582,no,yes
13,o_proj_output,576,-11.8335142,8.63004398,0.017180475,11.8335142,9.89595361,84de6bb393eb5afa,-249.167969,8388608.0,29127.7443,8388608.0,16777580.7,01a6d2b7751e0f5a,16777570.80404639,29127.727119525,8388596.1664858,no,yes
13,residual_after_attention,576,-828.064758,25874.209,47.8703335,25874.209,27573.3121,ae6385a717e14d55,-2163.64307,16778056.0,1631142.48,16778056.0,939538066.0,7eccd9a9ee054caf,939510492.6879,1631094.6096665,16752181.791,no,yes
13,after_post_attention_rmsnorm,576,-0.115932569,0.265958369,0.000619997064,0.265958369,0.357118309,f952e1be30aa356f,-0.000173290478,1.53196681,0.100706946,1.53196681,58.0072009,855dff48daaa304d,57.650082591,0.10008694893600001,1.2660084409999999,no,yes
13,gate_proj_output,1536,-0.409936965,0.962646127,0.127522196,0.962646127,195.874093,4245e1696bfcb33e,-9.67578125,8388608.0,169301.35,8388608.0,260046874.0,84e296a0a1be4210,260046678.125907,169301.222477804,8388607.037353873,no,yes
13,up_proj_output,1536,-0.516377032,0.413003355,0.000176361083,0.516377032,0.270890624,77d56cd9060fd937,-5.24609375,8388608.0,229375.973,8388608.0,352321494.0,ce86531d5b0e83cc,352321493.72910935,229375.9728236389,8388607.483622968,no,yes
13,silu_swiglu_output,1536,-0.100025222,0.198906526,0.000222908326,0.198906526,0.342387189,5a995cdb605a765f,-30179328.0,70368744200000.0,45812998500.0,70368744200000.0,70368765700000.0,0b131e96ae43c1c9,70368765699999.66,45812998499.99978,70368744199999.8,no,yes
13,down_proj_output,576,-2.10767865,1.26726651,-0.00126748985,2.10767865,-0.730074155,5f92df571cd28823,-640.5,940.773438,10.1800334,940.773438,5863.69922,6f97bb9e636e78ed,5864.429294155,10.181300889849998,938.66575935,no,yes
13,residual_after_mlp,576,-828.127686,25872.1016,47.8690664,25872.1016,27572.5823,6bc5645d28560486,-2391.81494,16778218.0,1631152.65,16778218.0,939543928.0,f9dfb28253e614be,939516355.4177,1631104.7809336,16752345.8984,no,yes
14,after_input_rmsnorm,576,-0.302827299,2.24869585,0.0051252275,2.24869585,2.95213104,731a93a9172ea2bd,-0.000297194434,2.16529703,0.146202259,2.16529703,84.2125013,cd97a3f29228ca28,81.26037026,0.1410770315,0.08339881999999976,no,yes
14,q_proj_output,576,-0.602584004,0.434465319,-0.00222175442,0.602584004,-1.27973055,882873819eb848c5,-4.05078125,8388608.0,174762.778,8388608.0,100663360.0,42c28660da359c56,100663361.27973054,174762.78022175442,8388607.397415996,no,yes
14,k_proj_output,192,-2.19514179,4.42851114,0.0404948112,4.42851114,7.77500376,522d43210b84df6b,-4.40625,8388608.0,131071.95,8388608.0,25165814.4,e6027bf42d962f96,25165806.624996237,131071.9095051888,8388603.57148886,no,yes
14,v_proj_output,192,-1.25936782,1.5075258,0.00446179366,1.5075258,0.856664382,d7b204025b98a5a5,-5.33984375,8388608.0,174762.671,8388608.0,33554432.8,799af602e1579a04,33554431.943335615,174762.66653820634,8388606.4924742,no,yes
14,attention_output,576,-1.25936782,1.5075258,0.00446179366,1.5075258,2.56999315,f75b506134eedce9,-5.33984375,8388608.0,174762.671,8388608.0,100663298.0,1f232e22fe0e6438,100663295.43000685,174762.66653820634,8388606.4924742,no,yes
14,o_proj_output,576,-11.4303074,8.19112396,-0.0135552881,11.4303074,-7.80784597,ef39d98cad51caa9,-137.917969,8388608.0,43691.5916,8388608.0,25166356.8,7d1c74f11b43951f,25166364.60784597,43691.605155288096,8388596.5696926,no,yes
14,residual_after_attention,576,-827.835266,25860.6719,47.8555123,25860.6719,27564.7751,560bbf9478629522,-2386.67432,16778306.0,1674844.25,16778306.0,964710287.0,e2eecf33c0ff00ee,964682722.2249,1674796.3944877,16752445.3281,no,yes
14,after_post_attention_rmsnorm,576,-0.110014662,0.257276207,0.000593141981,0.257276207,0.341649781,0e46ff19a692abb5,-0.000751085754,1.4117378,0.099349681,1.4117378,57.2254163,10e0889ded4fdde6,56.883766519,0.098756539019,1.1544615930000002,no,yes
14,gate_proj_output,1536,-0.460449696,0.970195591,0.1004831,0.970195591,154.342041,3e580f22e0ece63a,-4.55859375,8388608.0,212991.908,8388608.0,327155570.0,3c174330552420d2,327155415.657959,212991.8075169,8388607.029804409,no,yes
14,up_proj_output,1536,-0.538689554,0.801219642,0.000656036379,0.801219642,1.00767188,489ca1c4525e0240,-5.53515625,8388608.0,185685.308,8388608.0,285212633.0,0b77a20cca3698ad,285212631.9923281,185685.30734396362,8388607.198780358,no,yes
14,silu_swiglu_output,1536,-0.252066553,0.229736879,5.22159082e-05,0.252066553,0.080203635,557f2f5d3398460d,-23494656.0,70368744200000.0,45813008700.0,70368744200000.0,70368781300000.0,eff3eee1b1333a42,70368781299999.92,45813008699.99995,70368744199999.75,no,yes
14,down_proj_output,576,-2.32283473,0.990877151,0.000238387563,2.32283473,0.137311236,cc6092c279f058db,-659.421875,8388608.0,58248.1921,8388608.0,33550958.7,08ae3e32d7b57d05,33550958.562688764,58248.19186161244,8388605.67716527,no,yes
14,residual_after_mlp,576,-827.894897,25858.3496,47.8557517,25858.3496,27564.913,539844fb72dc7d44,-2277.83447,16778056.0,1733092.45,16778056.0,998261251.0,a88eee8c49e4fc46,998233686.087,1733044.5942483,16752197.6504,no,yes
15,after_input_rmsnorm,576,-0.356603771,3.05249476,0.00637761243,3.05249476,3.67350476,5f39ffabaf5bd9a0,-0.000288140756,1.97282469,0.144578502,1.97282469,83.2772171,fcc3a08c6c80335d,79.60371234,0.13820088956999999,1.0796700700000001,no,yes
15,q_proj_output,576,-2.40040731,1.77542186,-0.0273677181,2.40040731,-15.7638056,194a1bf78dc7586a,-6.453125,8388608.0,218453.38,8388608.0,125829147.0,8708e6112c4e3a4e,125829162.7638056,218453.40736771811,8388605.59959269,no,yes
15,k_proj_output,192,-5.29734755,3.6848774,0.00984473483,5.29734755,1.89018909,46692b6ce29d716e,-4.984375,8388608.0,43690.6001,8388608.0,8388595.21,45eb743fa524ed7e,8388593.31981091,43690.590255265175,8388602.70265245,no,yes
15,v_proj_output,192,-2.22172499,1.17825294,0.0010848521,2.22172499,0.208291603,e028c3e9dfc09d36,-4.32421875,3.81640625,-0.0404459635,4.32421875,-7.765625,0891c84ca69a090a,7.973916603,0.0415308156,2.10249376,no,yes
15,attention_output,576,-2.22172499,1.17825294,0.0010848521,2.22172499,0.624874809,cc2be39b3319e616,-4.32421875,3.81640625,-0.0404459635,4.32421875,-23.296875,e414bfa58ce8506a,23.921749809,0.0415308156,2.10249376,no,yes
15,o_proj_output,576,-16.4194889,5.41889858,-0.0224175484,16.4194889,-12.9125079,e531f154977b6bb6,-16.984375,8388608.0,101945.392,8388608.0,58720546.1,ccee8f930729bf6d,58720559.0125079,101945.41441754841,8388591.5805111,no,yes
15,residual_after_attention,576,-827.704163,25841.9297,47.8333334,25841.9297,27552.0001,a8fe942c1a62e051,-2274.44385,16778058.0,1835037.83,16778058.0,1056981790.0,ccaa72c4e3f6ed4e,1056954237.9999,1834989.9966666,16752216.0703,no,yes
15,after_post_attention_rmsnorm,576,-0.114814818,0.23726213,0.00066686984,0.23726213,0.384117028,ee7ed75c5ad4775c,-0.000182780932,1.35059607,0.105747493,1.35059607,60.9105561,997ac3a4ca81ad80,60.526439072,0.10508062316,1.11333394,no,yes
15,gate_proj_output,1536,-0.436048478,0.871727109,0.0868537726,0.871727109,133.407395,0cf91b16e2e31b08,-5.12109375,8388608.0,207530.586,8388608.0,318766980.0,b8606c794c456cd7,318766846.592605,207530.4991462274,8388607.128272891,no,yes
15,up_proj_output,1536,-0.847387254,0.879242778,0.000273253865,0.879242778,0.419717937,151a4fdb6fcf40ac,-5.375,8388608.0,185685.315,8388608.0,285212644.0,0d9da82cec0abd0b,285212643.5802821,185685.31472674615,8388607.120757222,no,yes
15,silu_swiglu_output,1536,-0.0776415244,0.356741041,0.000253860699,0.356741041,0.389930034,590ced58c4377551,-27557888.0,23068672.0,53196.0293,27557888.0,81709101.1,342667bdf8441dcc,81709100.71006995,53196.0290461393,27557887.64325896,no,yes
15,down_proj_output,576,-1.27934599,0.673364103,-0.0025841054,1.27934599,-1.48844471,20b08666be13f4ab,-932.636719,8388608.0,101945.759,8388608.0,58720757.3,f22819b0596b6a46,58720758.788444705,101945.7615841054,8388606.72065401,no,yes
15,residual_after_mlp,576,-827.697327,25840.6504,47.8307495,25840.6504,27550.5117,1776e497d247ec1e,-2389.17041,16778054.0,1936983.59,16778054.0,1115702550.0,538d728205a17894,1115674999.4883,1936935.7592505,16752213.3496,no,yes
16,after_input_rmsnorm,576,-0.231370285,3.07575488,0.0067933502,3.07575488,3.91296971,4725c4d1fa3ff2cb,-0.000239475587,1.75936723,0.133483118,1.75936723,76.886276,db04fb98101495be,72.97330629,0.12668976780000002,1.3163876499999998,no,yes
16,q_proj_output,576,-1.29200125,3.01161432,0.0135304242,3.01161432,7.79352434,ab874b56c9c35705,-7.3828125,8388608.0,174762.648,8388608.0,100663286.0,b66c680fc0b09422,100663278.20647566,174762.63446957577,8388604.98838568,no,yes
16,k_proj_output,192,-4.27464437,4.62062645,-0.00431661126,4.62062645,-0.828789362,994665a419df0f97,-4.1796875,8388608.0,131072.073,8388608.0,25165838.0,cb357bd0d82d9e60,25165838.82878936,131072.07731661128,8388603.37937355,no,yes
16,v_proj_output,192,-1.36923134,1.27631235,-0.00491788052,1.36923134,-0.94423306,7c692db509b55727,-3.23828125,8388608.0,218453.396,8388608.0,41943052.0,9965564864e4cba2,41943052.94423306,218453.40091788053,8388606.63076866,no,yes
16,attention_output,576,-1.36923134,1.27631235,-0.00491788052,1.36923134,-2.83269918,ad5f0c98b0783537,-3.23828125,8388608.0,218453.396,8388608.0,125829156.0,dccde3414f54f03e,125829158.83269918,218453.40091788053,8388606.63076866,no,yes
16,o_proj_output,576,-14.9744492,9.98852634,-0.0351964796,14.9744492,-20.2731723,110985c45cf47bd4,-271.152344,335.382812,-7.80581326,335.382812,-4496.14844,4ba0d99df023be38,4475.8752677,7.7706167804,320.4083628,no,yes
16,residual_after_attention,576,-830.419983,25825.6758,47.7955528,25825.6758,27530.2384,8b4996bc80994be7,-2326.38135,16778140.0,1936975.78,16778140.0,1115698050.0,ed3040ff805905c6,1115670519.7616,1936927.9844472,16752314.3242,no,yes
16,after_post_attention_rmsnorm,576,-0.10348434,0.221691236,0.000564383262,0.221691236,0.325084759,e68897f682ffb132,-0.000164091252,1.2223748,0.100210858,1.2223748,57.721454,194e55eb2c03cc56,57.396369241,0.099646474738,1.000683564,no,yes
16,gate_proj_output,1536,-0.549843729,0.996223927,0.0595472186,0.996223927,91.4645277,f617e7d4fcb72590,-5.26171875,8388608.0,300373.328,8388608.0,461373432.0,fac7ee656e908f84,461373340.5354723,300373.26845278137,8388607.003776073,no,yes
16,up_proj_output,1536,-0.540983975,0.531149864,-0.00173220192,0.540983975,-2.66066216,1d18dddf34cf706f,-3.78515625,8388608.0,196607.993,8388608.0,301989877.0,d5243b9cfe019749,301989879.6606622,196607.9947322019,8388607.459016025,no,yes
16,silu_swiglu_output,1536,-0.114020497,0.307335019,0.000443416189,0.307335019,0.681087266,b3ab7d558c06877a,-17465344.0,22904832.0,25385.3768,22904832.0,38991938.8,031c0b5efd7b416d,38991938.118912734,25385.37635658381,22904831.69266498,no,yes
16,down_proj_output,576,-0.634754002,0.600676358,-0.00259486355,0.634754002,-1.49464141,3646b217a4e11deb,-630.386719,8388608.0,29120.4621,8388608.0,16773386.2,d2f97ee9fefa80cc,16773387.69464141,29120.46469486355,8388607.365245998,no,yes
16,residual_after_mlp,576,-830.470337,25825.041,47.7929579,25825.041,27528.7438,52f3a3c7226f221d,-2558.61133,16778148.0,1966096.25,16778148.0,1132471440.0,b80ca0644ab2bab2,1132443911.2562,1966048.4570421,16752322.959,no,yes
17,after_input_rmsnorm,576,-0.317688942,2.94743085,0.00648764242,2.94743085,3.73688203,98349410df91ab7a,-0.000304569374,2.01026106,0.167568172,2.01026106,96.5192669,eba88e9a971ed46a,92.78238487,0.16108052958,0.93716979,no,yes
17,q_proj_output,576,-0.558451116,0.675000012,-0.000750762126,0.675000012,-0.432438985,b61cd5cea04a431a,-6.54296875,8388608.0,116508.418,8388608.0,67108848.9,4630cf35111fe7ff,67108849.33243898,116508.41875076212,8388607.324999988,no,yes
17,k_proj_output,192,-3.97570062,0.632463813,-0.098252184,3.97570062,-18.8644193,f8836c420552ac1a,-7.41796875,8388608.0,218453.276,8388608.0,41943029.0,6256a83d22e3bf88,41943047.8644193,218453.374252184,8388604.02429938,no,yes
17,v_proj_output,192,-1.66523767,1.61369038,0.0105240497,1.66523767,2.02061754,9f3d60cc6dbad3c6,-5.53515625,8388608.0,131071.863,8388608.0,25165797.6,7b56b0f70cb7fdf6,25165795.57938246,131071.85247595029,8388606.33476233,no,yes
17,attention_output,576,-1.66523767,1.61369038,0.0105240497,1.66523767,6.06185261,a3fb690aadeee996,-5.53515625,8388608.0,131071.863,8388608.0,75497392.8,c241419517cce4c2,75497386.7381474,131071.85247595029,8388606.33476233,no,yes
17,o_proj_output,576,-13.3823595,7.96619034,-0.0179569022,13.3823595,-10.3431757,ff41ff226e12137a,-192.929688,8388608.0,29125.504,8388608.0,16776290.3,89d788916c71c0d7,16776300.6431757,29125.5219569022,8388594.6176405,no,yes
17,residual_after_attention,576,-830.254272,25811.6582,47.7750002,25811.6582,27518.4001,8f8b02a4344200db,-2526.55273,16778172.0,1995221.76,16778172.0,1149247730.0,393cb0b368cb5806,1149220211.5999,1995173.9849998,16752360.3418,no,yes
17,after_post_attention_rmsnorm,576,-0.11146386,0.213380441,0.000482227997,0.213380441,0.277763326,05340aa68f1e7f25,-0.000284921087,1.11356366,0.0964477392,1.11356366,55.5538978,5cb409e006a0a8df,55.276134474,0.095965511203,0.9001832190000001,no,yes
17,gate_proj_output,1536,-0.587729394,0.896012723,0.0273359399,0.896012723,41.9880036,11bc8f490fc6629d,-8388608.0,8388608.0,185685.282,8388608.0,285212593.0,6814747c198a5117,285212551.0119964,185685.2546640601,8388607.103987277,no,yes
17,up_proj_output,1536,-0.489973068,0.532838047,-0.00138478832,0.532838047,-2.12703486,dd927bfab1292274,-3.61328125,8388608.0,202069.322,8388608.0,310378479.0,5dfef6db8d9b01d0,310378481.12703484,202069.3233847883,8388607.467161953,no,yes
17,silu_swiglu_output,1536,-0.0862808749,0.0951472372,0.000151426724,0.0951472372,0.232591449,e26cf0d80b69b487,-17825792.0,70368744200000.0,91626022300.0,70368744200000.0,140737570000000.0,f6f8cb1c4b1eda7a,140737569999999.78,91626022299.99985,70368744199999.9,no,yes
17,down_proj_output,576,-1.35451341,0.684537053,-0.000505940072,1.35451341,-0.291421482,3c11e99f5465d6c9,-514.382812,8388608.0,58259.8385,8388608.0,33557667.0,288b4c4e6e5fb09c,33557667.29142148,58259.83900594007,8388606.64548659,no,yes
17,residual_after_mlp,576,-830.374695,25810.3027,47.7744926,25810.3027,27518.1077,d64fb3a2513b2044,-2729.30957,16778336.0,2053481.6,16778336.0,1182805400.0,46b1e65cabca9620,1182777881.8923,2053433.8255074,16752525.6973,no,yes
18,after_input_rmsnorm,576,-0.277341962,2.50461698,0.00573737913,2.50461698,3.30473038,611223d5b5a03029,-0.000316717924,1.94011343,0.178061891,1.94011343,102.563649,7182b1b5b1ac3be3,99.25891862,0.17232451187,0.5645035500000002,no,yes
18,q_proj_output,576,-0.60452348,0.693301082,-0.00305439977,0.693301082,-1.75933427,3d1c200cc5cfd4e2,-10.390625,8388608.0,160199.048,8388608.0,92274651.4,7a6f27fe1d71b52d,92274653.15933427,160199.05105439978,8388607.306698918,no,yes
18,k_proj_output,192,-4.07659864,3.44154644,-0.00638417185,4.07659864,-1.22576099,42b061a4d006af11,-6.26171875,8388608.0,305834.748,8388608.0,58720271.6,60ee05f09b81304a,58720272.82576099,305834.75438417186,8388603.92340136,no,yes
18,v_proj_output,192,-1.25399268,1.49636638,-0.0017651953,1.49636638,-0.338917498,a516a5ee2bea8c84,-3.6875,8388608.0,87381.3097,8388608.0,16777211.5,4b97976415317884,16777211.838917498,87381.3114651953,8388606.50363362,no,yes
18,attention_output,576,-1.25399268,1.49636638,-0.0017651953,1.49636638,-1.0167525,9ec847007a676f30,-3.6875,8388608.0,87381.3097,8388608.0,50331634.4,926d513263343c0c,50331635.416752495,87381.3114651953,8388606.50363362,no,yes
18,o_proj_output,576,-8.19801617,4.93790483,-0.037650076,8.19801617,-21.6864437,a16cb9dae8f9a17b,-253.8125,8388608.0,29128.4902,8388608.0,16778010.4,ef0d0f6cf654f8cb,16778032.0864437,29128.527850076,8388599.80198383,no,yes
18,residual_after_attention,576,-830.756592,25802.1055,47.7368439,25802.1055,27496.4221,1fbfa0279e999c8e,-2861.79785,16778414.0,2082610.1,16778414.0,1199583420.0,03bc5aa64e57de40,1199555923.5779,2082562.3631561,16752611.8945,no,yes
18,after_post_attention_rmsnorm,576,-0.123734601,0.24417688,0.000689143685,0.24417688,0.396946763,61ad0d4b7f5b33f2,-0.000176110552,1.04739916,0.0974635974,1.04739916,56.1390321,41d5fce8d405cfda,55.742085337,0.096774453715,0.8032222800000001,no,yes
18,gate_proj_output,1536,-0.604695022,0.927998543,0.017480819,0.927998543,26.850538,43daf62ab86bd787,-3.6171875,8388608.0,245760.009,8388608.0,377487375.0,2120260864c25ada,377487348.149462,245759.991519181,8388607.072001457,no,yes
18,up_proj_output,1536,-0.277659744,0.505999863,0.00119354737,0.505999863,1.83328876,2a17adda6993740c,-4.44921875,8388608.0,218453.298,8388608.0,335544266.0,2794a0c7da63bff7,335544264.1667112,218453.29680645265,8388607.494000137,no,yes
18,silu_swiglu_output,1536,-0.115102038,0.152680114,0.000330678745,0.152680114,0.507922553,418d0213d7d5174e,-14745600.0,18972672.0,78562.1098,18972672.0,120671401.0,1c1461b4d56292c4,120671400.49207744,78562.10946932127,18972671.847319886,no,yes
18,down_proj_output,576,-0.401752114,0.35621953,-0.000129473265,0.401752114,-0.0745766006,8cb74a7e5a4824d4,-576.011719,8388598.0,29136.8992,8388598.0,16782853.9,f5c7ddc11ec8c3fb,16782853.9745766,29136.899329473265,8388597.598247886,no,yes
18,residual_after_mlp,576,-830.869019,25801.7031,47.7367134,25801.7031,27496.3469,f3ad97b57c1f6583,-2947.92383,16778234.0,2111747.01,16778234.0,1216366280.0,3b068a5fdacd61ba,1216338783.6531,2111699.2732865997,16752432.2969,no,yes
19,after_input_rmsnorm,576,-0.327107459,3.40151691,0.00759893911,3.40151691,4.37698893,cbdd13706285de6a,-0.000276521372,1.52187872,0.140559606,1.52187872,80.9623333,5abd0b248f56b478,76.58534437,0.13296066689,1.8796381899999999,no,yes
19,q_proj_output,576,-0.859243572,4.10385942,0.0136663032,4.10385942,7.87179067,5d54a9b2a1b59cd2,-5.828125,8388608.0,174762.698,8388608.0,100663314.0,529ada79bdce1ab6,100663306.12820932,174762.68433369682,8388603.89614058,no,yes
19,k_proj_output,192,-3.25984979,3.17361331,-0.00885505264,3.25984979,-1.70017011,f98fc4793b6fb6ca,-4.1875,8388608.0,131071.924,8388608.0,25165809.4,702b632c2762c668,25165811.10017011,131071.93285505264,8388604.74015021,no,yes
19,v_proj_output,192,-0.954309106,1.67357993,0.0171587535,1.67357993,3.29448068,38510daa1f9bbefd,-5.24609375,8388608.0,43690.8,8388608.0,8388633.6,ea277698a7220ba0,8388630.30551932,43690.7828412465,8388606.32642007,no,yes
19,attention_output,576,-0.954309106,1.67357993,0.0171587535,1.67357993,9.88344203,466e20f9702e74c1,-5.24609375,8388608.0,43690.8,8388608.0,25165900.8,1ca6c36d00337e84,25165890.91655797,43690.7828412465,8388606.32642007,no,yes
19,o_proj_output,576,-8.18292427,3.76470089,-0.0402823369,8.18292427,-23.2026261,939b0904e959667a,-144.84375,8388608.0,43691.076,8388608.0,25166059.8,8e5a13245973f335,25166083.002626102,43691.1162823369,8388599.81707573,no,yes
19,residual_after_attention,576,-829.807556,25793.5195,47.6964298,25793.5195,27473.1436,4c6df45fb2a2d1d9,-2929.43945,16778226.0,2155438.08,16778226.0,1241532330.0,e3a49e95a2e0846e,1241504856.8564,2155390.3835702003,16752432.4805,no,yes
19,after_post_attention_rmsnorm,576,-0.144448042,0.28614822,0.000714816007,0.28614822,0.41173402,6c560c7f1ec011a6,-0.000180230447,1.00297737,0.102787154,1.00297737,59.2054009,1f18ee2632677547,58.79366688,0.102072337993,0.7168291499999999,no,yes
19,gate_proj_output,1536,-0.715838432,0.875155807,0.0493968222,0.875155807,75.8735189,ea07c21e1d26e5fe,-4.859375,8388608.0,245760.053,8388608.0,377487441.0,ce61a693a60f3a88,377487365.1264811,245760.0036031778,8388607.124844193,no,yes
19,up_proj_output,1536,-0.541364491,0.438984722,0.000769321582,0.541364491,1.18167795,b53988ae9d36a2e1,-4.44921875,8388608.0,196608.0,8388608.0,301989889.0,a142fad6512172bc,301989887.81832206,196607.99923067843,8388607.458635509,no,yes
19,silu_swiglu_output,1536,-0.280945361,0.173306867,-5.27857018e-05,0.280945361,-0.0810788379,2cfbb92f4e08c6e1,-24576000.0,20532710.0,47486.7587,24576000.0,72939661.4,dd46e0de48301208,72939661.48107885,47486.7587527857,24575999.71905464,no,yes
19,down_proj_output,576,-0.414449006,0.777305603,-0.0034122128,0.777305603,-1.96543457,e58a4aebce2bdfa4,-627.570312,8388608.0,43694.3314,8388608.0,25167934.9,de5689fc392ed1f8,25167936.86543457,43694.3348122128,8388607.222694397,no,yes
19,residual_after_mlp,576,-829.878845,25794.2969,47.6930176,25794.2969,27471.1781,5e895078fafaa9a7,-2918.0918,16778376.0,2199132.41,16778376.0,1266700270.0,1c7bf3bc3748cfbc,1266672798.8219,2199084.7169824,16752581.7031,no,yes
20,after_input_rmsnorm,576,-0.298318267,1.73564947,0.00435031597,1.73564947,2.505782,e28346b056b7d80e,-0.00031483022,1.67293131,0.168333971,1.67293131,96.9603674,50adb447d17eab5a,94.4545854,0.16398365503,0.06271815999999997,no,yes
20,q_proj_output,576,-0.743682325,0.844276071,0.00434538983,0.844276071,2.50294454,76b88781a528ee69,-5.99609375,8388608.0,189326.072,8388608.0,109051817.0,f95db74a7839822c,109051814.49705546,189326.06765461015,8388607.155723929,no,yes
20,k_proj_output,192,-3.13065028,2.96893144,-0.0100635962,3.13065028,-1.93221048,31c7a0630207850c,-4.375,8388608.0,305834.649,8388608.0,58720252.7,ad6a3ff34c189d0d,58720254.632210486,305834.65906359616,8388604.86934972,no,yes
20,v_proj_output,192,-0.324198335,0.595123589,-0.00290330395,0.595123589,-0.557434358,74765a0c32cd69fd,-4.1953125,8388608.0,131071.89,8388608.0,25165802.8,9bda0cf12b0fc245,25165803.35743436,131071.89290330395,8388607.404876411,no,yes
20,attention_output,576,-0.324198335,0.595123589,-0.00290330395,0.595123589,-1.67230307,ed947fbdb41e7c11,-4.1953125,8388608.0,131071.89,8388608.0,75497408.5,a85de72d51dd2865,75497410.17230307,131071.89290330395,8388607.404876411,no,yes
20,o_proj_output,576,-2.42887449,1.5191412,-0.0200696367,2.42887449,-11.5601107,4318744efc959040,-249.804688,310.011719,-0.0890638563,310.011719,-51.3007812,b1c40d8f4d5d5d12,39.74067050000001,0.06899421959999999,307.58284451000003,no,yes
20,residual_after_attention,576,-829.92981,25791.8672,47.6729467,25791.8672,27459.6173,24eefa325da870f9,-2999.18945,16778378.0,2199132.32,16778378.0,1266700220.0,585a99e6f64f6cc9,1266672760.3827,2199084.6470533,16752586.1328,no,yes
20,after_post_attention_rmsnorm,576,-0.157746285,0.310620397,0.000735827312,0.310620397,0.423836532,3768e435fbb4e1dc,-0.00116163481,0.966402233,0.104866269,0.966402233,60.4029712,ec7fb7ed4de76575,59.979134668,0.104130441688,0.6557818360000001,no,yes
20,gate_proj_output,1536,-0.72925216,0.91934377,0.0244293649,0.91934377,37.5235044,e30764a6f7fda048,-4.34765625,8388608.0,196608.044,8388608.0,301989956.0,0c63ab95a51428aa,301989918.4764956,196608.0195706351,8388607.08065623,no,yes
20,up_proj_output,1536,-0.689499378,0.537688911,0.000551437051,0.689499378,0.847007311,fe5f9dc9a51e8aba,-3.2734375,8388608.0,174762.691,8388608.0,268435493.0,939cecfbfcc291dd,268435492.15299267,174762.69044856293,8388607.310500622,no,yes
20,silu_swiglu_output,1536,-0.408524334,0.163311437,-0.000449826448,0.408524334,-0.690933424,c16f78f2335d7886,-14254080.0,27198668.0,55666.2578,27198668.0,85503372.0,4bf13e71b698d0bc,85503372.69093342,55666.258249826446,27198667.591475666,no,yes
20,down_proj_output,576,-0.600536585,0.800891995,0.0105024973,0.800891995,6.04943843,1ce27c90f5e8759a,-756.230469,8388347.0,29118.7757,8388347.0,16772414.8,347f15d15f4ce69a,16772408.75056157,29118.765197502697,8388346.199108005,no,yes
20,residual_after_mlp,576,-830.07019,25792.3359,47.6834504,25792.3359,27465.6674,aaf5a0ee3d365176,-2853.22119,16778534.0,2228251.09,16778534.0,1283472630.0,2e725f3bc3859ec4,1283445164.3326,2228203.4065496,16752741.6641,no,yes
21,after_input_rmsnorm,576,-0.389876485,2.97036457,0.00640856399,2.97036457,3.69133286,976b111b54eac171,-0.000249088596,1.40518892,0.159657555,1.40518892,91.9627516,2cd4abba9f51f27b,88.27141874,0.15324899101,1.56517565,no,yes
21,q_proj_output,576,-2.60650826,1.52163684,0.0267003672,2.60650826,15.3794115,3eeaf88503b96fb5,-7.09375,8388608.0,203889.73,8388608.0,117440485.0,9394257344d51d3f,117440469.6205885,203889.70329963282,8388605.39349174,no,yes
21,k_proj_output,192,-3.62767887,4.64098644,0.0145848292,4.64098644,2.80028721,84bb15919c55a98d,-4.82421875,8388608.0,174762.807,8388608.0,33554458.9,698beceaae004ec5,33554456.09971279,174762.7924151708,8388603.35901356,no,yes
21,v_proj_output,192,-0.802565038,1.44214082,0.0127939775,1.44214082,2.45644369,d3aae8f46c23beea,-3.86328125,8388608.0,131072.019,8388608.0,25165827.6,cb2514256ad7320b,25165825.14355631,131072.0062060225,8388606.55785918,no,yes
21,attention_output,576,-0.802565038,1.44214082,0.0127939775,1.44214082,7.36933106,7cecbed2b229f042,-3.86328125,8388608.0,131072.019,8388608.0,75497482.7,32f85ed7e55af6f3,75497475.33066894,131072.0062060225,8388606.55785918,no,yes
21,o_proj_output,576,-9.93985748,7.24142694,0.0531577986,9.93985748,30.618892,03f44352ea813758,-538.800781,8388608.0,14562.7111,8388608.0,8388121.58,93faee41e796ea5b,8388090.961108,14562.6579422014,8388598.06014252,no,yes
21,residual_after_attention,576,-827.056274,25799.5781,47.7366095,25799.5781,27496.2871,3d36305a4c8c40b1,-2902.42822,16778586.0,2242813.81,16778586.0,1291860750.0,03ec18843d39339f,1291833253.7129,2242766.0733905,16752786.4219,no,yes
21,after_post_attention_rmsnorm,576,-0.157382235,0.240363762,0.000672828161,0.240363762,0.387549021,0a2975de65354941,-0.000167965467,1.09441876,0.118745808,1.09441876,68.3975855,cb347639ed8ce8b4,68.01003647900001,0.11807297983899999,0.854054998,no,yes
21,gate_proj_output,1536,-0.640970707,0.903875113,0.0738263049,0.903875113,113.397204,81a2103899e3235b,-4.25,8388608.0,212991.983,8388608.0,327155686.0,19cc871341130172,327155572.602796,212991.9091736951,8388607.096124887,no,yes
21,up_proj_output,1536,-0.797272921,0.584625542,-0.00110461823,0.797272921,-1.6966936,9a63137b7f189ced,-3.75390625,8388608.0,191146.676,8388608.0,293601295.0,de6e7cdd61f3a08e,293601296.6966936,191146.67710461823,8388607.202727079,no,yes
21,silu_swiglu_output,1536,-0.504443645,0.376106411,0.000202460876,0.504443645,0.310979906,afe8c52d46e0b01c,-14417920.0,70368744200000.0,45813067700.0,70368744200000.0,70368872000000.0,43942d90736dda8a,70368871999999.69,45813067699.999794,70368744199999.5,no,yes
21,down_proj_output,576,-0.508939624,1.76194727,0.00534051731,1.76194727,3.07613797,7d5748062f79d4fa,-551.546875,8388608.0,58259.5451,8388608.0,33557498.0,23a7ccb2cd077e8c,33557494.92386203,58259.53975948269,8388606.23805273,no,yes
21,residual_after_mlp,576,-827.047791,25801.0859,47.7419515,25801.0859,27499.3641,acbf233c9cdcc4b2,-3025.99023,16778736.0,2301073.34,16778736.0,1325418250.0,c8fb57c8a81c21b6,1325390750.6359,2301025.5980485,16752934.9141,no,yes
22,after_input_rmsnorm,576,-0.336064249,2.79575062,0.00614734145,2.79575062,3.54086868,c749a49375df07fd,-0.000255687512,1.44535625,0.158923119,1.44535625,91.5397164,be0877736a97a93a,87.99884772,0.15277577755,1.3503943700000003,no,yes
22,q_proj_output,576,-1.14231038,0.82349664,0.00623535465,1.14231038,3.59156428,9a30c9f919c72ff6,-5.609375,8388608.0,160199.227,8388608.0,92274754.7,12efdbca13d78af3,92274751.10843572,160199.22076464538,8388606.85768962,no,yes
22,k_proj_output,192,-5.1545949,3.92913151,-0.0624477673,5.1545949,-11.9899713,09f1e5f9fa50d198,-3.328125,8388608.0,174762.807,8388608.0,33554458.9,5cf43e3227de4f4e,33554470.8899713,174762.8694477673,8388602.8454051,no,yes
22,v_proj_output,192,-0.982441723,1.35972333,-0.00165846667,1.35972333,-0.318425601,72f34b38f0af4ebf,-6.62890625,8388608.0,174762.583,8388608.0,33554415.9,d26e09eb4c14a7d2,33554416.218425598,174762.5846584667,8388606.64027667,no,yes
22,attention_output,576,-0.982441723,1.35972333,-0.00165846667,1.35972333,-0.955276802,7293458d055e3373,-6.62890625,8388608.0,174762.583,8388608.0,100663248.0,d95f5293bd44a53e,100663248.9552768,174762.5846584667,8388606.64027667,no,yes
22,o_proj_output,576,-6.32193708,2.60380936,0.0335779111,6.32193708,19.3408768,1ba4c0acac7bdab1,-353.976562,290.371094,1.89324273,353.976562,1090.50781,2e21c325e7a790ee,1071.1669332000001,1.8596648189,347.65462492,no,yes
22,residual_after_attention,576,-827.706665,25794.7637,47.7755289,25794.7637,27518.7046,7ef26a1a042807aa,-3049.68164,16778756.0,2301075.24,16778756.0,1325419340.0,519af7fffbb6eef1,1325391821.2954,2301027.4644711004,16752961.2363,no,yes
22,after_post_attention_rmsnorm,576,-0.172278181,0.317518622,0.000795321633,0.317518622,0.45810526,4a9f86a7251cda1c,-0.000180635121,0.97983855,0.119019769,0.97983855,68.5553869,7525a2bfa96d723f,68.09728164,0.118224447367,0.6623199280000001,no,yes
22,gate_proj_output,1536,-0.976650715,0.741783082,0.0523511232,0.976650715,80.4113253,60e1d28dec540eb3,-5.65234375,8388608.0,125610.582,8388608.0,192937854.0,ea0e60fd0306baf2,192937773.5886747,125610.52964887679,8388607.023349285,no,yes
22,up_proj_output,1536,-0.665208399,0.620529234,-0.0019685506,0.665208399,-3.02369372,87533adeb00f00f0,-3.875,8388608.0,212992.007,8388608.0,327155723.0,384879188951b87d,327155726.02369374,212992.00896855062,8388607.334791601,no,yes
22,silu_swiglu_output,1536,-0.323169559,0.243294641,-0.000504838668,0.323169559,-0.775432194,6e8a78e898fa61b9,-14680064.0,70368744200000.0,91625998400.0,70368744200000.0,140737533000000.0,cb94e126b57244b0,140737533000000.78,91625998400.0005,70368744199999.67,no,yes
22,down_proj_output,576,-0.619756222,2.13123798,0.0248573798,2.13123798,14.3178508,bf169c9d80dc2ec2,-595.046875,8388608.0,145641.262,8388608.0,83889366.9,4cd1bd42ba5ab02b,83889352.58214921,145641.2371426202,8388605.86876202,no,yes
22,residual_after_mlp,576,-827.840027,25796.3262,47.8003854,25796.3262,27533.022,60a62dddab3029b0,-2940.92383,16779400.0,2446716.51,16779400.0,1409308710.0,7b53a1360e67ceb5,1409281176.978,2446668.7096145996,16753603.6738,no,yes
23,after_input_rmsnorm,576,-0.412703723,2.44624543,0.00555576867,2.44624543,3.20012275,38c42291e966b189,-0.000274343794,2.16358137,0.202770284,2.16358137,116.795683,6c7e0eded3acef2c,113.59556024999999,0.19721451533,0.28266405999999966,no,yes
23,q_proj_output,576,-0.618218005,0.726925492,-0.00488950765,0.726925492,-2.81635641,885df3c1ae06abf3,-4.9609375,8388608.0,101944.896,8388608.0,58720260.2,09699c4e459c4f1b,58720263.016356416,101944.90088950764,8388607.273074508,no,yes
23,k_proj_output,192,-3.32025337,3.97992301,-0.0484105779,3.97992301,-9.29483096,e34ce522ce31f7eb,-5.80859375,8388608.0,262144.007,8388608.0,50331649.3,cedc38faee265cdd,50331658.59483096,262144.05541057786,8388604.02007699,no,yes
23,v_proj_output,192,-1.34286833,0.140007511,-0.012340286,1.34286833,-2.36933491,d667f8dc9099869b,-8.87109375,8388608.0,174762.32,8388608.0,33554365.5,38fc3fc114209b3b,33554367.86933491,174762.332340286,8388606.65713167,no,yes
23,attention_output,576,-1.34286833,0.140007511,-0.012340286,1.34286833,-7.10800473,bba1349009b6693b,-8.87109375,8388608.0,174762.32,8388608.0,100663096.0,a61f4735bd660ad3,100663103.10800473,174762.332340286,8388606.65713167,no,yes
23,o_proj_output,576,-2.57613969,3.00374341,0.00420164922,3.00374341,2.42014995,f693e99a3d7cd487,-310.867188,270.375,-3.34032525,310.867188,-1924.02734,5bbe4e8ec6c2aee0,1926.44748995,3.34452689922,307.86344459,no,yes
23,residual_after_attention,576,-827.153992,25793.75,47.8045869,25793.75,27535.4421,37907e6c04b6032d,-2977.85352,16779592.0,2446713.17,16779592.0,1409306780.0,950ac244fe1a85f8,1409279244.5579,2446665.3654131,16753798.25,no,yes
23,after_post_attention_rmsnorm,576,-0.159488499,0.326254755,0.000977628561,0.326254755,0.563114051,92ac8cc6fb3d18ec,-0.000856401108,0.976250768,0.126163564,0.976250768,72.670213,e9e84f9690bae445,72.107098949,0.125185935439,0.649996013,no,yes
23,gate_proj_output,1536,-1.25659585,0.924557149,0.0963989084,1.25659585,148.068723,d16fa94c57cef233,-3.59765625,8388608.0,191146.775,8388608.0,293601447.0,add8ff60bf5fc270,293601298.931277,191146.67860109158,8388606.74340415,no,yes
23,up_proj_output,1536,-0.798433185,0.90733701,-0.00169281754,0.90733701,-2.60016775,43c1e630e1fac23c,-4.4765625,8388608.0,141994.647,8388608.0,218103777.0,a80e557c9b463bd3,218103779.60016775,141994.64869281754,8388607.09266299,no,yes
23,silu_swiglu_output,1536,-0.256130576,0.284146845,0.000248387714,0.284146845,0.381523528,52c897d765a5dc79,-18612224.0,27852800.0,88343.9945,27852800.0,135696375.0,e4f64e7f85d72159,135696374.61847648,88343.99425161228,27852799.715853155,no,yes
23,down_proj_output,576,-0.673990786,3.84241247,0.0246242247,3.84241247,14.1835534,898f5da300524eb9,-569.769531,8388608.0,43695.5094,8388608.0,25168613.4,e1d4f78d40394de4,25168599.216446597,43695.4847757753,8388604.15758753,no,yes
23,residual_after_mlp,576,-827.253174,25796.3496,47.8292097,25796.3496,27549.6248,29cc9c07a1ba7b97,-3281.81592,25166440.0,2490408.67,25166440.0,1434475400.0,433b9065748395ca,1434447850.3752,2490360.8407902997,25140643.6504,no,yes
24,after_input_rmsnorm,576,-0.442290068,4.07702446,0.00873978482,4.07702446,5.03411606,2929a64ca8cf38bc,-0.000251287245,2.65907335,0.185028157,2.65907335,106.576218,71b590b23c770bd7,101.54210194,0.17628837217999999,1.4179511099999997,no,yes
24,q_proj_output,576,-1.70907927,1.53054047,0.0169826626,1.70907927,9.78201366,0404440642daaab0,-4.54296875,8388608.0,116508.326,8388608.0,67108796.0,a4a50cfc848fda0f,67108786.21798634,116508.30901733741,8388606.29092073,no,yes
24,k_proj_output,192,-3.33845425,2.78136563,-0.0357151842,3.33845425,-6.85731537,598309dabe44f84c,-5.42578125,8388608.0,87381.2685,8388608.0,16777203.6,01607781d2690424,16777210.45731537,87381.30421518421,8388604.66154575,no,yes
24,v_proj_output,192,-1.46435583,1.06610692,-0.00430691136,1.46435583,-0.826926982,c10c4361226aa432,-7.8515625,8388608.0,43691.0318,8388608.0,8388678.11,637877af4f786e6b,8388678.936926981,43691.03610691136,8388606.53564417,no,yes
24,attention_output,576,-1.46435583,1.06610692,-0.00430691136,1.46435583,-2.48078095,18a65297e48d916a,-7.8515625,8388608.0,43691.0318,8388608.0,25166034.3,1ccae1731c4e95a7,25166036.780780952,43691.03610691136,8388606.53564417,no,yes
24,o_proj_output,576,-37.5153732,171.274582,0.2439379,171.274582,140.50823,c107e6f2904c25cb,-144.613281,123.40625,2.30274116,144.613281,1326.37891,5282546aab0679fe,1185.87068,2.05880326,26.66130100000001,no,yes
24,residual_after_attention,576,-829.252563,25758.834,48.0731471,25758.834,27690.1328,dd7185675a57a255,-3250.86279,25166400.0,2490410.97,25166400.0,1434476720.0,088ae64845b6037b,1434449029.8672,2490362.8968529003,25140641.166,no,yes
24,after_post_attention_rmsnorm,576,-0.160868183,0.29751721,0.000871483498,0.29751721,0.501974495,347f9f34deb38c56,-0.000167790073,1.33599567,0.136570518,1.33599567,78.6646182,ffe9e67d3c628069,78.16264370500001,0.135699034502,1.0384784599999999,no,yes
24,gate_proj_output,1536,-1.0655539,0.994039476,0.0551673138,1.0655539,84.736994,5121d33908aa4639,-3.65625,8388608.0,92842.8463,8388608.0,142606612.0,6cead4c32091a61b,142606527.263006,92842.79113268621,8388606.9344461,no,yes
24,up_proj_output,1536,-0.696673632,0.746400535,0.000773524604,0.746400535,1.18813379,6f242dac7c794455,-4.89453125,8388608.0,87381.3043,8388608.0,134217683.0,af0789296840514c,134217681.81186621,87381.3035264754,8388607.253599465,no,yes
24,silu_swiglu_output,1536,-0.1927775,0.529256284,0.000333328302,0.529256284,0.511992272,414493610249f74e,-10977280.0,70368744200000.0,45813015200.0,70368744200000.0,70368791400000.0,8ae4800664e6bb63,70368791399999.48,45813015199.999664,70368744199999.47,no,yes
24,down_proj_output,576,-1.1650672,2.42154574,0.00118190311,2.42154574,0.680776193,642a057df88a2a61,-466.015625,8388608.0,29130.2495,8388608.0,16779023.7,f47c75957fc7340e,16779023.019223806,29130.248318096892,8388605.57845426,no,yes
24,residual_after_mlp,576,-829.346741,25757.668,48.0743274,25757.668,27690.8126,34137673ef7e9509,-3436.66748,25166448.0,2519541.22,25166448.0,1451255740.0,03bfb86c9785ea92,1451228049.1874,2519493.1456726003,25140690.332,no,yes
25,after_input_rmsnorm,576,-0.32545808,2.64345288,0.00631448004,2.64345288,3.6371405,02a5530c20c223f5,-0.000215098393,2.57102299,0.175986963,2.57102299,101.368491,01f91c19186c435e,97.7313505,0.16967248296,0.07242989,no,yes
25,q_proj_output,576,-1.02709424,1.02478492,0.00931074528,1.02709424,5.36298928,7222949d9bb7e50a,-5.44140625,8388608.0,145635.699,8388608.0,83886162.4,befc50f78caa7a30,83886157.03701073,145635.6896892547,8388606.97290576,no,yes
25,k_proj_output,192,-3.88466311,4.67676592,-0.0261276536,4.67676592,-5.01650949,03dff65edd3db553,-3.828125,8388608.0,218453.514,8388608.0,41943074.6,2c43082fff2bed55,41943079.61650949,218453.5401276536,8388603.32323408,no,yes
25,v_proj_output,192,-0.872328937,1.00826716,-0.00725455747,1.00826716,-1.39287503,3057cfd797fc2e5b,-6.34375,8388608.0,131071.767,8388608.0,25165779.3,137ee05765c514fe,25165780.69287503,131071.77425455747,8388606.99173284,no,yes
25,attention_output,576,-0.872328937,1.00826716,-0.00725455747,1.00826716,-4.1786251,c9ec2279c4e5d313,-6.34375,8388608.0,131071.767,8388608.0,75497337.9,e7c852b3ac9f21a2,75497342.07862511,131071.77425455747,8388606.99173284,no,yes
25,o_proj_output,576,-3.8690443,23.1509857,0.0332121737,23.1509857,19.130212,9966771cfce840d1,-198.054688,329.726562,-6.71141222,329.726562,-3865.77344,f022ad32d873fe36,3884.903652,6.7446243937,306.5755763,no,yes
25,residual_after_attention,576,-832.304688,25759.623,48.1075382,25759.623,27709.942,075b672ed346b217,-3478.19482,25166378.0,2519534.5,25166378.0,1451251870.0,716e3bce92366774,1451224160.058,2519486.3924618,25140618.377,no,yes
25,after_post_attention_rmsnorm,576,-0.17017886,0.342425227,0.000851137179,0.342425227,0.490255015,5c9b42701c78f021,-0.000383604493,1.51784813,0.144777817,1.51784813,83.3920227,501317d2c43fdd93,82.901767685,0.143926679821,1.1754229029999999,no,yes
25,gate_proj_output,1536,-0.828571677,1.03222346,0.0757932294,1.03222346,116.4184,73342147d339cd4b,-4.01171875,8388608.0,120149.467,8388608.0,184549581.0,9b9df288079a9bec,184549464.5816,120149.39120677061,8388606.96777654,no,yes
25,up_proj_output,1536,-0.756395936,1.09500885,-0.00306222482,1.09500885,-4.70357732,c88b59dbda15b82f,-4.59375,8388608.0,98304.0472,8388608.0,150995017.0,8a6e67c4ee7e1142,150995021.7035773,98304.05026222482,8388606.90499115,no,yes
25,silu_swiglu_output,1536,-0.295168549,0.655144691,0.000144398651,0.655144691,0.221796328,e09b59deb3235045,-31981568.0,25004524.0,26214.114,31981568.0,40264879.2,717cfb16c6aa3006,40264878.97820368,26214.11385560135,31981567.34485531,no,yes
25,down_proj_output,576,-0.687609375,2.20448852,0.00224247627,2.20448852,1.29166633,93e6bbef3456f141,-476.957031,8388608.0,72824.248,8388608.0,41946766.8,a238ba532d6a9514,41946765.50833367,72824.24575752373,8388605.79551148,no,yes
25,residual_after_mlp,576,-832.296448,25759.3203,48.1097802,25759.3203,27711.2334,b6e1f84ef4f67322,-3181.16357,25166362.0,2592358.74,25166362.0,1493198640.0,a5163e422d6cfd82,1493170928.7666,2592310.6302198004,25140602.6797,no,yes
26,after_input_rmsnorm,576,-0.469554365,2.852947,0.00641736014,2.852947,3.69639944,ec4183ac48b3e367,-0.000210262006,2.76872897,0.192343851,2.76872897,110.790058,a062586d0a58aa48,107.09365856000001,0.18592649086000002,0.08421802999999972,no,yes
26,q_proj_output,576,-1.63394141,1.80314827,-0.0212067181,1.80314827,-12.2150696,c66913e4105f3917,-5.75,8388608.0,87381.2313,8388608.0,50331589.2,8ed5f092fc9be77f,50331601.4150696,87381.2525067181,8388606.19685173,no,yes
26,k_proj_output,192,-3.7261858,4.34701014,0.0476934774,4.34701014,9.15714767,0c9bae58dbf6c5c8,-3.88671875,8388608.0,218453.353,8388608.0,41943043.7,13c0284484ca5ec0,41943034.542852335,218453.3053065226,8388603.65298986,no,yes
26,v_proj_output,192,-0.235516131,0.695616603,0.00805456892,0.695616603,1.54647723,88c0734b496a9d41,-8.3125,8388608.0,43690.7382,8388608.0,8388621.73,2a3b5922b945c661,8388620.18352277,43690.73014543108,8388607.304383397,no,yes
26,attention_output,576,-0.235516131,0.695616603,0.00805456892,0.695616603,4.6394317,b4e17dc42aaa3271,-8.3125,8388608.0,43690.7382,8388608.0,25165865.2,658738e1968ec5ad,25165860.5605683,43690.73014543108,8388607.304383397,no,yes
26,o_proj_output,576,-5.85959005,4.3025732,-0.0246159055,5.85959005,-14.1787616,b1746d8908afec70,-154.175781,184.324219,4.83816867,184.324219,2786.78516,abb1661895decd86,2800.9639216,4.8627845755,178.46462895,no,yes
26,residual_after_attention,576,-832.887878,25753.4609,48.0851648,25753.4609,27697.0549,294d69e59ec1da33,-3117.80029,25166448.0,2592363.58,25166448.0,1493201420.0,febab9f74dbbad02,1493173722.9451,2592315.4948352003,25140694.5391,no,yes
26,after_post_attention_rmsnorm,576,-0.178668275,0.41391021,0.00105693285,0.41391021,0.608793324,ec436a4d5043aa41,-0.000178822753,1.49666798,0.149989717,1.49666798,86.3940767,77c832282efe9f21,85.785283376,0.14893278415,1.08275777,no,yes
26,gate_proj_output,1536,-0.710035443,1.30081749,0.0673817446,1.30081749,103.49836,828529ac5f9018b1,-5.69140625,8388608.0,98304.0658,8388608.0,150995045.0,78fbd093ff201bac,150994941.50164,98303.9984182554,8388606.69918251,no,yes
26,up_proj_output,1536,-0.815211415,1.03777647,0.0030300538,1.03777647,4.65416263,9d52b5f3fcd042cf,-4.8984375,8388608.0,98303.9827,8388608.0,150994917.0,208bcfd198024309,150994912.34583738,98303.97966994619,8388606.96222353,no,yes
26,silu_swiglu_output,1536,-0.833477736,0.873280585,0.000444783112,0.873280585,0.683186861,348c926b483bf85a,-28213248.0,21431260.0,-28426.0409,28213248.0,-43662398.8,3c288e4759936851,43662399.483186856,28426.041344783112,28213247.126719415,no,yes
26,down_proj_output,576,-1.71359456,4.12404633,0.0217559596,4.12404633,12.5314327,e0fbbf41568b5e31,-429.898438,8388608.0,72820.9545,8388608.0,41944869.8,917c8677ed8731e8,41944857.268567294,72820.9327440404,8388603.87595367,no,yes
26,residual_after_mlp,576,-833.144531,25751.748,48.106922,25751.748,27709.5871,5bba3bffe5943237,-3246.05249,25166582.0,2665184.54,25166582.0,1535146290.0,d848aec4d3fff0ec,1535118580.4129,2665136.433078,25140830.252,no,yes
27,after_input_rmsnorm,576,-0.473171234,4.5645833,0.00952649428,4.5645833,5.4872607,b8cd33b5f34e0dca,-0.000227175027,3.16897249,0.186156686,3.16897249,107.226251,e0417e7e24c523c1,101.73899030000001,0.17663019172,1.39561081,no,yes
27,q_proj_output,576,-5.32719612,4.71701288,-0.00907200043,5.32719612,-5.22547225,e8dddecd70a02916,-6.77734375,8388608.0,72817.7625,8388608.0,41943031.2,886928badfa48586,41943036.42547225,72817.77157200042,8388602.67280388,no,yes
27,k_proj_output,192,-5.49799299,4.54420662,0.00559013297,5.49799299,1.07330553,5d25c50bf361153c,-4.58984375,8388608.0,131071.868,8388608.0,25165798.6,def524ec02208c18,25165797.526694473,131071.86240986703,8388602.50200701,no,yes
27,v_proj_output,192,-1.94812179,0.364094228,-0.028333785,1.94812179,-5.44008672,958299d3f0ab5410,-5.73828125,6.359375,0.260701497,6.359375,50.0546875,a3c3d0421ac0c5b5,55.49477422,0.289035282,4.41125321,no,yes
27,attention_output,576,-1.94812179,0.364094228,-0.028333785,1.94812179,-16.3202602,20aaf033b959f5ac,-5.73828125,6.359375,0.260701497,6.359375,150.164062,bfe22bc55855adfd,166.4843222,0.289035282,4.41125321,no,yes
27,o_proj_output,576,-18.2191734,47.0776939,0.060708874,47.0776939,34.9683114,4e305f8bbf30e262,-32.2421875,8388608.0,14565.8946,8388608.0,8389955.29,f87d27c78eaa270f,8389920.3216886,14565.833891126,8388560.9223061,no,yes
27,residual_after_attention,576,-836.672729,25733.5293,48.1676315,25733.5293,27744.5558,81ca72eb6b68bc42,-3263.51733,25166628.0,2679750.43,25166628.0,1543536250.0,1ca1325d8801cabf,1543508505.4442,2679702.2623685,25140894.4707,no,yes
27,after_post_attention_rmsnorm,576,-0.196108222,3.21360302,0.00677087062,3.21360302,3.90002148,34b2a26b4b56c96a,-0.000176871923,1.45546639,0.151952509,1.45546639,87.5246454,929701506506a9b2,83.62462391999999,0.14518163838,1.7581366299999999,no,yes
27,gate_proj_output,1536,-1.75133145,31.1394653,0.117254508,31.1394653,180.102925,8accc36731c2c7e0,-4.47265625,8388608.0,103765.312,8388608.0,159383520.0,9434af4505d371bc,159383339.897075,103765.194745492,8388576.8605347,no,yes
27,up_proj_output,1536,-2.74524784,3.06096888,0.00320145692,3.06096888,4.91743782,cf7d62c90ac0558e,-4.35546875,8388608.0,131071.987,8388608.0,201326572.0,33a7b97c6f4dda61,201326567.08256218,131071.98379854308,8388604.93903112,no,yes
27,silu_swiglu_output,1536,-61.7158051,10.2511559,-0.0366025001,61.7158051,-56.2214402,0be1dcd2229fd919,-26607616.0,21069824.0,-12179.3391,26607616.0,-18707464.9,5378cbd715db13ec,18707408.6785598,12179.302497499899,26607554.2841949,no,yes
27,down_proj_output,576,-175.630402,173.800354,1.13922748,175.630402,656.195026,4d80ccdfd95be332,-489.71875,8388608.0,58262.8303,8388608.0,33559390.3,e407b60f991706e9,33558734.104973994,58261.69107252,8388432.369598,no,yes
27,residual_after_mlp,576,-858.540527,25557.8984,49.3068582,25557.8984,28400.7503,1652633bebd1060b,-3165.32983,25166382.0,2738013.27,25166382.0,1577095640.0,95c0d00d908083e6,1577067239.2497,2737963.9631418,25140824.1016,no,yes
28,after_input_rmsnorm,576,-0.694411755,4.28337669,0.00920492338,4.28337669,5.30203587,9b5d81fc93b46cd7,-0.000208861806,2.66355252,0.198692291,2.66355252,114.44676,b10271a02ef48812,109.14472413,0.18948736761999999,1.6198241699999998,no,yes
28,q_proj_output,576,-4.70516968,6.53475714,0.0316954241,6.53475714,18.2565643,00e941d712fb66ee,-7.5703125,8388608.0,145635.569,8388608.0,83886087.7,5e00477cd0e78dc3,83886069.4434357,145635.53730457588,8388601.46524286,no,yes
28,k_proj_output,192,-2.60622644,6.38325882,0.0661321322,6.38325882,12.6973694,4e1ba267e6d89323,-4.9609375,8388608.0,174762.525,8388608.0,33554404.7,b058bcb34fc2282c,33554392.0026306,174762.4588678678,8388601.61674118,no,yes
28,v_proj_output,192,-0.918190241,0.650430858,-0.0221648387,0.918190241,-4.25564903,b146912527a902d4,-6.25,8388608.0,131071.786,8388608.0,25165782.9,181b4c604bb37dab,25165787.15564903,131071.80816483869,8388607.081809759,no,yes
28,attention_output,576,-0.918190241,0.650430858,-0.0221648387,0.918190241,-12.7669471,ab1aac327b136ccc,-6.25,8388608.0,131071.786,8388608.0,75497348.8,7c98bcf03a1c53c7,75497361.5669471,131071.80816483869,8388607.081809759,no,yes
28,o_proj_output,576,-55.1581039,39.8381844,-0.0902906077,55.1581039,-52.00739,2f66865b634297de,-260.503906,8388608.0,14564.9227,8388608.0,8389395.45,dd77d623da0eef2d,8389447.45739,14565.0129906077,8388552.8418961,no,yes
28,residual_after_attention,576,-859.099548,25502.7402,49.2165674,25502.7402,28348.7428,a4fdd7a6cdf70443,-3247.47046,25166358.0,2752578.2,25166358.0,1585485040.0,85badb9dcafff951,1585456691.2572,2752528.9834326003,25140855.2598,no,yes
28,after_post_attention_rmsnorm,576,-0.183778837,14.059824,0.0264538989,14.059824,15.2374458,8971dfd189236a08,-0.000174020897,1.51546717,0.155054519,1.51546717,89.311403,197be9ecd77ba4c0,74.0739572,0.1286006201,12.544356830000002,no,yes
28,gate_proj_output,1536,-3.11710238,48.6934776,0.207102762,48.6934776,318.109842,904559f129a59d5f,-6.01171875,8388608.0,131071.899,8388608.0,201326438.0,36dcec209782afee,201326119.890158,131071.69189723801,8388559.3065224,no,yes
28,up_proj_output,1536,-9.69265938,52.9566994,0.0291905589,52.9566994,44.8366985,f861d9ab131d74dc,-5.04296875,8388608.0,158378.761,8388608.0,243269777.0,1acd748729b25201,243269732.1633015,158378.7318094411,8388555.0433006,no,yes
28,silu_swiglu_output,1536,-90.915451,2578.64575,1.71606187,2578.64575,2635.87104,956284f329825b92,-27426816.0,30734474.0,58827.9265,30734474.0,90359695.1,afe0064c26a0640e,90357059.22895999,58826.21043813,30731895.35425,no,yes
28,down_proj_output,576,-15451.0244,1294.06311,-25.8993845,15451.0244,-14918.0455,f68bb44173615c29,-509.128906,8388560.0,14566.9434,8388560.0,8390559.39,e4d01d8be82e2db8,8405477.4355,14592.8427845,8373108.9756,no,yes
28,residual_after_mlp,576,-378.65094,10051.7158,23.3171829,10051.7158,13430.6973,39c1898d1e8c7bfb,-3680.16187,25166316.0,2767145.14,25166316.0,1593875600.0,7b11121f7f96a8ce,1593862169.3027,2767121.8228171,25156264.2842,no,yes
29,after_input_rmsnorm,576,-0.694869995,6.31529236,0.0163654582,6.31529236,9.42650391,7c40375365fbdc27,-0.000261979993,2.79661798,0.212719126,2.79661798,122.526216,66552d25d4668f31,113.09971209000001,0.19635366780000002,3.5186743799999998,no,yes
29,q_proj_output,576,-12.1007299,11.6217117,-0.306546077,12.1007299,-176.57054,6f7ccda53d561331,-5.09375,8388608.0,160199.132,8388608.0,92274699.8,032be8eb68c5a35b,92274876.37054,160199.438546077,8388595.8992701,no,yes
29,k_proj_output,192,-4.89164305,6.2081461,0.0628624439,6.2081461,12.0695892,4810263cd85ce75d,-5.32421875,8388608.0,87381.3182,8388608.0,16777213.1,3c21e4d69692c0b6,16777201.0304108,87381.2553375561,8388601.7918539,no,yes
29,v_proj_output,192,-1.89378428,2.7008996,0.00401006279,2.7008996,0.769932055,471f7c77f04588d8,-6.078125,8388608.0,87381.5947,8388608.0,16777266.2,8940a59c1e5ad64f,16777265.430067945,87381.5906899372,8388605.2991004,no,yes
29,attention_output,576,-1.89378428,2.7008996,0.00401006279,2.7008996,2.30979617,dd417d42eccd8b84,-6.078125,8388608.0,87381.5947,8388608.0,50331798.5,25250057019fc8e7,50331796.19020383,87381.5906899372,8388605.2991004,no,yes
29,o_proj_output,576,-11.0241175,13.8104944,0.0512044109,13.8104944,29.4937407,3c2725719d819445,-169.335938,267.644531,2.83443197,267.644531,1632.63281,317d28bf39ba40c1,1603.1390693,2.7832275590999997,253.83403659999996,no,yes
29,residual_after_attention,576,-386.742798,10047.9727,23.3683876,10047.9727,13460.1913,48d12dfdf453dd9c,-3679.78687,25166306.0,2767147.97,25166306.0,1593877230.0,840ae31b0bce9611,1593863769.8087,2767124.6016124003,25156258.0273,no,yes
29,after_post_attention_rmsnorm,576,-0.35762012,31.9723701,0.0621441926,31.9723701,35.7950549,8d105788a3bf8aae,-0.000268547243,3.12068081,0.178567633,3.12068081,102.854957,2567fb0ad2b682b4,67.0599021,0.1164234404,28.85168929,no,yes
29,gate_proj_output,1536,-8.05187798,49.9437103,1.77768725,49.9437103,2730.52762,03e6cd771cbb7826,-5.36328125,8388608.0,158378.543,8388608.0,243269442.0,4800965aa64f16e8,243266711.47238,158376.76531275,8388558.0562897,no,yes
29,up_proj_output,1536,-51.1789589,78.5330582,0.285820137,78.5330582,439.01973,20dba84c71c5bac8,-9.90625,8388608.0,103765.355,8388608.0,159383585.0,c4d0f55717093ea5,159383145.98027,103765.069179863,8388529.4669418,no,yes
29,silu_swiglu_output,1536,-255.544617,518.760437,0.293493088,518.760437,450.805383,db466ac33d1e9edc,-25755648.0,18710528.0,3292.11369,25755648.0,5056686.63,d4bd64fe44b7a91c,5056235.824617,3291.820196912,25755129.239563,no,yes
29,down_proj_output,576,-5613.37305,1539.02478,-5.98765462,5613.37305,-3448.88906,1cc72a448e008f82,-464.269531,8388608.0,58253.9377,8388608.0,33554268.1,9f2fc69b30783077,33557716.98906,58259.925354620005,8382994.62695,no,yes
29,residual_after_mlp,576,-799.4599,4434.59961,17.3807332,4434.59961,10011.3023,7b4da860a19694ac,-3710.59937,25166442.0,2825401.91,25166442.0,1627431500.0,955ca5dd4009722c,1627421488.6977,2825384.5292668003,25162007.40039,no,yes
-1,final_rmsnorm,576,-9.80682373,23.0592575,0.0488648648,23.0592575,28.1461621,58b5b35eb052bc8b,-1.89433455,8.68239307,0.910886673,8.68239307,524.670724,711f5cbc363a34f6,496.5245618999999,0.8620218082000001,14.376864430000001,no,yes
