layer,role,tensor_name,dtype,in_features,out_features,chunk_policy,gguf_offset,gguf_nbytes,dispatch
0,down_proj,blk.0.ffn_down.weight,Q8_0,1536,576,512+512+512,31868992,940032,gemv_backend_run
0,gate_proj,blk.0.ffn_gate.weight,Q8_0,576,1536,none,32809024,940032,gemv_backend_run
0,k_proj,blk.0.attn_k.weight,Q8_0,576,192,none,34691392,117504,gemv_backend_run
0,o_proj,blk.0.attn_output.weight,Q8_0,576,576,none,34808896,352512,gemv_backend_run
0,q_proj,blk.0.attn_q.weight,Q8_0,576,576,none,35161408,352512,gemv_backend_run
0,up_proj,blk.0.ffn_up.weight,Q8_0,576,1536,none,33749056,940032,gemv_backend_run
0,v_proj,blk.0.attn_v.weight,Q8_0,576,192,none,35513920,117504,gemv_backend_run
1,down_proj,blk.1.ffn_down.weight,Q8_0,1536,576,512+512+512,35633728,940032,gemv_backend_run
1,gate_proj,blk.1.ffn_gate.weight,Q8_0,576,1536,none,36573760,940032,gemv_backend_run
1,k_proj,blk.1.attn_k.weight,Q8_0,576,192,none,38456128,117504,gemv_backend_run
1,o_proj,blk.1.attn_output.weight,Q8_0,576,576,none,38573632,352512,gemv_backend_run
1,q_proj,blk.1.attn_q.weight,Q8_0,576,576,none,38926144,352512,gemv_backend_run
1,up_proj,blk.1.ffn_up.weight,Q8_0,576,1536,none,37513792,940032,gemv_backend_run
1,v_proj,blk.1.attn_v.weight,Q8_0,576,192,none,39278656,117504,gemv_backend_run
2,down_proj,blk.2.ffn_down.weight,Q8_0,1536,576,512+512+512,77045824,940032,gemv_backend_run
2,gate_proj,blk.2.ffn_gate.weight,Q8_0,576,1536,none,77985856,940032,gemv_backend_run
2,k_proj,blk.2.attn_k.weight,Q8_0,576,192,none,79868224,117504,gemv_backend_run
2,o_proj,blk.2.attn_output.weight,Q8_0,576,576,none,79985728,352512,gemv_backend_run
2,q_proj,blk.2.attn_q.weight,Q8_0,576,576,none,80338240,352512,gemv_backend_run
2,up_proj,blk.2.ffn_up.weight,Q8_0,576,1536,none,78925888,940032,gemv_backend_run
2,v_proj,blk.2.attn_v.weight,Q8_0,576,192,none,80690752,117504,gemv_backend_run
3,down_proj,blk.3.ffn_down.weight,Q8_0,1536,576,512+512+512,118457920,940032,gemv_backend_run
3,gate_proj,blk.3.ffn_gate.weight,Q8_0,576,1536,none,119397952,940032,gemv_backend_run
3,k_proj,blk.3.attn_k.weight,Q8_0,576,192,none,121280320,117504,gemv_backend_run
3,o_proj,blk.3.attn_output.weight,Q8_0,576,576,none,121397824,352512,gemv_backend_run
3,q_proj,blk.3.attn_q.weight,Q8_0,576,576,none,121750336,352512,gemv_backend_run
3,up_proj,blk.3.ffn_up.weight,Q8_0,576,1536,none,120337984,940032,gemv_backend_run
3,v_proj,blk.3.attn_v.weight,Q8_0,576,192,none,122102848,117504,gemv_backend_run
4,down_proj,blk.4.ffn_down.weight,Q8_0,1536,576,512+512+512,122222656,940032,gemv_backend_run
4,gate_proj,blk.4.ffn_gate.weight,Q8_0,576,1536,none,123162688,940032,gemv_backend_run
4,k_proj,blk.4.attn_k.weight,Q8_0,576,192,none,125045056,117504,gemv_backend_run
4,o_proj,blk.4.attn_output.weight,Q8_0,576,576,none,125162560,352512,gemv_backend_run
4,q_proj,blk.4.attn_q.weight,Q8_0,576,576,none,125515072,352512,gemv_backend_run
4,up_proj,blk.4.ffn_up.weight,Q8_0,576,1536,none,124102720,940032,gemv_backend_run
4,v_proj,blk.4.attn_v.weight,Q8_0,576,192,none,125867584,117504,gemv_backend_run
5,down_proj,blk.5.ffn_down.weight,Q8_0,1536,576,512+512+512,125987392,940032,gemv_backend_run
5,gate_proj,blk.5.ffn_gate.weight,Q8_0,576,1536,none,126927424,940032,gemv_backend_run
5,k_proj,blk.5.attn_k.weight,Q8_0,576,192,none,128809792,117504,gemv_backend_run
5,o_proj,blk.5.attn_output.weight,Q8_0,576,576,none,128927296,352512,gemv_backend_run
5,q_proj,blk.5.attn_q.weight,Q8_0,576,576,none,129279808,352512,gemv_backend_run
5,up_proj,blk.5.ffn_up.weight,Q8_0,576,1536,none,127867456,940032,gemv_backend_run
5,v_proj,blk.5.attn_v.weight,Q8_0,576,192,none,129632320,117504,gemv_backend_run
6,down_proj,blk.6.ffn_down.weight,Q8_0,1536,576,512+512+512,129752128,940032,gemv_backend_run
6,gate_proj,blk.6.ffn_gate.weight,Q8_0,576,1536,none,130692160,940032,gemv_backend_run
6,k_proj,blk.6.attn_k.weight,Q8_0,576,192,none,132574528,117504,gemv_backend_run
6,o_proj,blk.6.attn_output.weight,Q8_0,576,576,none,132692032,352512,gemv_backend_run
6,q_proj,blk.6.attn_q.weight,Q8_0,576,576,none,133044544,352512,gemv_backend_run
6,up_proj,blk.6.ffn_up.weight,Q8_0,576,1536,none,131632192,940032,gemv_backend_run
6,v_proj,blk.6.attn_v.weight,Q8_0,576,192,none,133397056,117504,gemv_backend_run
7,down_proj,blk.7.ffn_down.weight,Q8_0,1536,576,512+512+512,133516864,940032,gemv_backend_run
7,gate_proj,blk.7.ffn_gate.weight,Q8_0,576,1536,none,134456896,940032,gemv_backend_run
7,k_proj,blk.7.attn_k.weight,Q8_0,576,192,none,136339264,117504,gemv_backend_run
7,o_proj,blk.7.attn_output.weight,Q8_0,576,576,none,136456768,352512,gemv_backend_run
7,q_proj,blk.7.attn_q.weight,Q8_0,576,576,none,136809280,352512,gemv_backend_run
7,up_proj,blk.7.ffn_up.weight,Q8_0,576,1536,none,135396928,940032,gemv_backend_run
7,v_proj,blk.7.attn_v.weight,Q8_0,576,192,none,137161792,117504,gemv_backend_run
8,down_proj,blk.8.ffn_down.weight,Q8_0,1536,576,512+512+512,137281600,940032,gemv_backend_run
8,gate_proj,blk.8.ffn_gate.weight,Q8_0,576,1536,none,138221632,940032,gemv_backend_run
8,k_proj,blk.8.attn_k.weight,Q8_0,576,192,none,140104000,117504,gemv_backend_run
8,o_proj,blk.8.attn_output.weight,Q8_0,576,576,none,140221504,352512,gemv_backend_run
8,q_proj,blk.8.attn_q.weight,Q8_0,576,576,none,140574016,352512,gemv_backend_run
8,up_proj,blk.8.ffn_up.weight,Q8_0,576,1536,none,139161664,940032,gemv_backend_run
8,v_proj,blk.8.attn_v.weight,Q8_0,576,192,none,140926528,117504,gemv_backend_run
9,down_proj,blk.9.ffn_down.weight,Q8_0,1536,576,512+512+512,141046336,940032,gemv_backend_run
9,gate_proj,blk.9.ffn_gate.weight,Q8_0,576,1536,none,141986368,940032,gemv_backend_run
9,k_proj,blk.9.attn_k.weight,Q8_0,576,192,none,143868736,117504,gemv_backend_run
9,o_proj,blk.9.attn_output.weight,Q8_0,576,576,none,143986240,352512,gemv_backend_run
9,q_proj,blk.9.attn_q.weight,Q8_0,576,576,none,144338752,352512,gemv_backend_run
9,up_proj,blk.9.ffn_up.weight,Q8_0,576,1536,none,142926400,940032,gemv_backend_run
9,v_proj,blk.9.attn_v.weight,Q8_0,576,192,none,144691264,117504,gemv_backend_run
10,down_proj,blk.10.ffn_down.weight,Q8_0,1536,576,512+512+512,39398464,940032,gemv_backend_run
10,gate_proj,blk.10.ffn_gate.weight,Q8_0,576,1536,none,40338496,940032,gemv_backend_run
10,k_proj,blk.10.attn_k.weight,Q8_0,576,192,none,42220864,117504,gemv_backend_run
10,o_proj,blk.10.attn_output.weight,Q8_0,576,576,none,42338368,352512,gemv_backend_run
10,q_proj,blk.10.attn_q.weight,Q8_0,576,576,none,42690880,352512,gemv_backend_run
10,up_proj,blk.10.ffn_up.weight,Q8_0,576,1536,none,41278528,940032,gemv_backend_run
10,v_proj,blk.10.attn_v.weight,Q8_0,576,192,none,43043392,117504,gemv_backend_run
11,down_proj,blk.11.ffn_down.weight,Q8_0,1536,576,512+512+512,43163200,940032,gemv_backend_run
11,gate_proj,blk.11.ffn_gate.weight,Q8_0,576,1536,none,44103232,940032,gemv_backend_run
11,k_proj,blk.11.attn_k.weight,Q8_0,576,192,none,45985600,117504,gemv_backend_run
11,o_proj,blk.11.attn_output.weight,Q8_0,576,576,none,46103104,352512,gemv_backend_run
11,q_proj,blk.11.attn_q.weight,Q8_0,576,576,none,46455616,352512,gemv_backend_run
11,up_proj,blk.11.ffn_up.weight,Q8_0,576,1536,none,45043264,940032,gemv_backend_run
11,v_proj,blk.11.attn_v.weight,Q8_0,576,192,none,46808128,117504,gemv_backend_run
12,down_proj,blk.12.ffn_down.weight,Q8_0,1536,576,512+512+512,46927936,940032,gemv_backend_run
12,gate_proj,blk.12.ffn_gate.weight,Q8_0,576,1536,none,47867968,940032,gemv_backend_run
12,k_proj,blk.12.attn_k.weight,Q8_0,576,192,none,49750336,117504,gemv_backend_run
12,o_proj,blk.12.attn_output.weight,Q8_0,576,576,none,49867840,352512,gemv_backend_run
12,q_proj,blk.12.attn_q.weight,Q8_0,576,576,none,50220352,352512,gemv_backend_run
12,up_proj,blk.12.ffn_up.weight,Q8_0,576,1536,none,48808000,940032,gemv_backend_run
12,v_proj,blk.12.attn_v.weight,Q8_0,576,192,none,50572864,117504,gemv_backend_run
13,down_proj,blk.13.ffn_down.weight,Q8_0,1536,576,512+512+512,50692672,940032,gemv_backend_run
13,gate_proj,blk.13.ffn_gate.weight,Q8_0,576,1536,none,51632704,940032,gemv_backend_run
13,k_proj,blk.13.attn_k.weight,Q8_0,576,192,none,53515072,117504,gemv_backend_run
13,o_proj,blk.13.attn_output.weight,Q8_0,576,576,none,53632576,352512,gemv_backend_run
13,q_proj,blk.13.attn_q.weight,Q8_0,576,576,none,53985088,352512,gemv_backend_run
13,up_proj,blk.13.ffn_up.weight,Q8_0,576,1536,none,52572736,940032,gemv_backend_run
13,v_proj,blk.13.attn_v.weight,Q8_0,576,192,none,54337600,117504,gemv_backend_run
14,down_proj,blk.14.ffn_down.weight,Q8_0,1536,576,512+512+512,54457408,940032,gemv_backend_run
14,gate_proj,blk.14.ffn_gate.weight,Q8_0,576,1536,none,55397440,940032,gemv_backend_run
14,k_proj,blk.14.attn_k.weight,Q8_0,576,192,none,57279808,117504,gemv_backend_run
14,o_proj,blk.14.attn_output.weight,Q8_0,576,576,none,57397312,352512,gemv_backend_run
14,q_proj,blk.14.attn_q.weight,Q8_0,576,576,none,57749824,352512,gemv_backend_run
14,up_proj,blk.14.ffn_up.weight,Q8_0,576,1536,none,56337472,940032,gemv_backend_run
14,v_proj,blk.14.attn_v.weight,Q8_0,576,192,none,58102336,117504,gemv_backend_run
15,down_proj,blk.15.ffn_down.weight,Q8_0,1536,576,512+512+512,58222144,940032,gemv_backend_run
15,gate_proj,blk.15.ffn_gate.weight,Q8_0,576,1536,none,59162176,940032,gemv_backend_run
15,k_proj,blk.15.attn_k.weight,Q8_0,576,192,none,61044544,117504,gemv_backend_run
15,o_proj,blk.15.attn_output.weight,Q8_0,576,576,none,61162048,352512,gemv_backend_run
15,q_proj,blk.15.attn_q.weight,Q8_0,576,576,none,61514560,352512,gemv_backend_run
15,up_proj,blk.15.ffn_up.weight,Q8_0,576,1536,none,60102208,940032,gemv_backend_run
15,v_proj,blk.15.attn_v.weight,Q8_0,576,192,none,61867072,117504,gemv_backend_run
16,down_proj,blk.16.ffn_down.weight,Q8_0,1536,576,512+512+512,61986880,940032,gemv_backend_run
16,gate_proj,blk.16.ffn_gate.weight,Q8_0,576,1536,none,62926912,940032,gemv_backend_run
16,k_proj,blk.16.attn_k.weight,Q8_0,576,192,none,64809280,117504,gemv_backend_run
16,o_proj,blk.16.attn_output.weight,Q8_0,576,576,none,64926784,352512,gemv_backend_run
16,q_proj,blk.16.attn_q.weight,Q8_0,576,576,none,65279296,352512,gemv_backend_run
16,up_proj,blk.16.ffn_up.weight,Q8_0,576,1536,none,63866944,940032,gemv_backend_run
16,v_proj,blk.16.attn_v.weight,Q8_0,576,192,none,65631808,117504,gemv_backend_run
17,down_proj,blk.17.ffn_down.weight,Q8_0,1536,576,512+512+512,65751616,940032,gemv_backend_run
17,gate_proj,blk.17.ffn_gate.weight,Q8_0,576,1536,none,66691648,940032,gemv_backend_run
17,k_proj,blk.17.attn_k.weight,Q8_0,576,192,none,68574016,117504,gemv_backend_run
17,o_proj,blk.17.attn_output.weight,Q8_0,576,576,none,68691520,352512,gemv_backend_run
17,q_proj,blk.17.attn_q.weight,Q8_0,576,576,none,69044032,352512,gemv_backend_run
17,up_proj,blk.17.ffn_up.weight,Q8_0,576,1536,none,67631680,940032,gemv_backend_run
17,v_proj,blk.17.attn_v.weight,Q8_0,576,192,none,69396544,117504,gemv_backend_run
18,down_proj,blk.18.ffn_down.weight,Q8_0,1536,576,512+512+512,69516352,940032,gemv_backend_run
18,gate_proj,blk.18.ffn_gate.weight,Q8_0,576,1536,none,70456384,940032,gemv_backend_run
18,k_proj,blk.18.attn_k.weight,Q8_0,576,192,none,72338752,117504,gemv_backend_run
18,o_proj,blk.18.attn_output.weight,Q8_0,576,576,none,72456256,352512,gemv_backend_run
18,q_proj,blk.18.attn_q.weight,Q8_0,576,576,none,72808768,352512,gemv_backend_run
18,up_proj,blk.18.ffn_up.weight,Q8_0,576,1536,none,71396416,940032,gemv_backend_run
18,v_proj,blk.18.attn_v.weight,Q8_0,576,192,none,73161280,117504,gemv_backend_run
19,down_proj,blk.19.ffn_down.weight,Q8_0,1536,576,512+512+512,73281088,940032,gemv_backend_run
19,gate_proj,blk.19.ffn_gate.weight,Q8_0,576,1536,none,74221120,940032,gemv_backend_run
19,k_proj,blk.19.attn_k.weight,Q8_0,576,192,none,76103488,117504,gemv_backend_run
19,o_proj,blk.19.attn_output.weight,Q8_0,576,576,none,76220992,352512,gemv_backend_run
19,q_proj,blk.19.attn_q.weight,Q8_0,576,576,none,76573504,352512,gemv_backend_run
19,up_proj,blk.19.ffn_up.weight,Q8_0,576,1536,none,75161152,940032,gemv_backend_run
19,v_proj,blk.19.attn_v.weight,Q8_0,576,192,none,76926016,117504,gemv_backend_run
20,down_proj,blk.20.ffn_down.weight,Q8_0,1536,576,512+512+512,80810560,940032,gemv_backend_run
20,gate_proj,blk.20.ffn_gate.weight,Q8_0,576,1536,none,81750592,940032,gemv_backend_run
20,k_proj,blk.20.attn_k.weight,Q8_0,576,192,none,83632960,117504,gemv_backend_run
20,o_proj,blk.20.attn_output.weight,Q8_0,576,576,none,83750464,352512,gemv_backend_run
20,q_proj,blk.20.attn_q.weight,Q8_0,576,576,none,84102976,352512,gemv_backend_run
20,up_proj,blk.20.ffn_up.weight,Q8_0,576,1536,none,82690624,940032,gemv_backend_run
20,v_proj,blk.20.attn_v.weight,Q8_0,576,192,none,84455488,117504,gemv_backend_run
21,down_proj,blk.21.ffn_down.weight,Q8_0,1536,576,512+512+512,84575296,940032,gemv_backend_run
21,gate_proj,blk.21.ffn_gate.weight,Q8_0,576,1536,none,85515328,940032,gemv_backend_run
21,k_proj,blk.21.attn_k.weight,Q8_0,576,192,none,87397696,117504,gemv_backend_run
21,o_proj,blk.21.attn_output.weight,Q8_0,576,576,none,87515200,352512,gemv_backend_run
21,q_proj,blk.21.attn_q.weight,Q8_0,576,576,none,87867712,352512,gemv_backend_run
21,up_proj,blk.21.ffn_up.weight,Q8_0,576,1536,none,86455360,940032,gemv_backend_run
21,v_proj,blk.21.attn_v.weight,Q8_0,576,192,none,88220224,117504,gemv_backend_run
22,down_proj,blk.22.ffn_down.weight,Q8_0,1536,576,512+512+512,88340032,940032,gemv_backend_run
22,gate_proj,blk.22.ffn_gate.weight,Q8_0,576,1536,none,89280064,940032,gemv_backend_run
22,k_proj,blk.22.attn_k.weight,Q8_0,576,192,none,91162432,117504,gemv_backend_run
22,o_proj,blk.22.attn_output.weight,Q8_0,576,576,none,91279936,352512,gemv_backend_run
22,q_proj,blk.22.attn_q.weight,Q8_0,576,576,none,91632448,352512,gemv_backend_run
22,up_proj,blk.22.ffn_up.weight,Q8_0,576,1536,none,90220096,940032,gemv_backend_run
22,v_proj,blk.22.attn_v.weight,Q8_0,576,192,none,91984960,117504,gemv_backend_run
23,down_proj,blk.23.ffn_down.weight,Q8_0,1536,576,512+512+512,92104768,940032,gemv_backend_run
23,gate_proj,blk.23.ffn_gate.weight,Q8_0,576,1536,none,93044800,940032,gemv_backend_run
23,k_proj,blk.23.attn_k.weight,Q8_0,576,192,none,94927168,117504,gemv_backend_run
23,o_proj,blk.23.attn_output.weight,Q8_0,576,576,none,95044672,352512,gemv_backend_run
23,q_proj,blk.23.attn_q.weight,Q8_0,576,576,none,95397184,352512,gemv_backend_run
23,up_proj,blk.23.ffn_up.weight,Q8_0,576,1536,none,93984832,940032,gemv_backend_run
23,v_proj,blk.23.attn_v.weight,Q8_0,576,192,none,95749696,117504,gemv_backend_run
24,down_proj,blk.24.ffn_down.weight,Q8_0,1536,576,512+512+512,95869504,940032,gemv_backend_run
24,gate_proj,blk.24.ffn_gate.weight,Q8_0,576,1536,none,96809536,940032,gemv_backend_run
24,k_proj,blk.24.attn_k.weight,Q8_0,576,192,none,98691904,117504,gemv_backend_run
24,o_proj,blk.24.attn_output.weight,Q8_0,576,576,none,98809408,352512,gemv_backend_run
24,q_proj,blk.24.attn_q.weight,Q8_0,576,576,none,99161920,352512,gemv_backend_run
24,up_proj,blk.24.ffn_up.weight,Q8_0,576,1536,none,97749568,940032,gemv_backend_run
24,v_proj,blk.24.attn_v.weight,Q8_0,576,192,none,99514432,117504,gemv_backend_run
25,down_proj,blk.25.ffn_down.weight,Q8_0,1536,576,512+512+512,99634240,940032,gemv_backend_run
25,gate_proj,blk.25.ffn_gate.weight,Q8_0,576,1536,none,100574272,940032,gemv_backend_run
25,k_proj,blk.25.attn_k.weight,Q8_0,576,192,none,102456640,117504,gemv_backend_run
25,o_proj,blk.25.attn_output.weight,Q8_0,576,576,none,102574144,352512,gemv_backend_run
25,q_proj,blk.25.attn_q.weight,Q8_0,576,576,none,102926656,352512,gemv_backend_run
25,up_proj,blk.25.ffn_up.weight,Q8_0,576,1536,none,101514304,940032,gemv_backend_run
25,v_proj,blk.25.attn_v.weight,Q8_0,576,192,none,103279168,117504,gemv_backend_run
26,down_proj,blk.26.ffn_down.weight,Q8_0,1536,576,512+512+512,103398976,940032,gemv_backend_run
26,gate_proj,blk.26.ffn_gate.weight,Q8_0,576,1536,none,104339008,940032,gemv_backend_run
26,k_proj,blk.26.attn_k.weight,Q8_0,576,192,none,106221376,117504,gemv_backend_run
26,o_proj,blk.26.attn_output.weight,Q8_0,576,576,none,106338880,352512,gemv_backend_run
26,q_proj,blk.26.attn_q.weight,Q8_0,576,576,none,106691392,352512,gemv_backend_run
26,up_proj,blk.26.ffn_up.weight,Q8_0,576,1536,none,105279040,940032,gemv_backend_run
26,v_proj,blk.26.attn_v.weight,Q8_0,576,192,none,107043904,117504,gemv_backend_run
27,down_proj,blk.27.ffn_down.weight,Q8_0,1536,576,512+512+512,107163712,940032,gemv_backend_run
27,gate_proj,blk.27.ffn_gate.weight,Q8_0,576,1536,none,108103744,940032,gemv_backend_run
27,k_proj,blk.27.attn_k.weight,Q8_0,576,192,none,109986112,117504,gemv_backend_run
27,o_proj,blk.27.attn_output.weight,Q8_0,576,576,none,110103616,352512,gemv_backend_run
27,q_proj,blk.27.attn_q.weight,Q8_0,576,576,none,110456128,352512,gemv_backend_run
27,up_proj,blk.27.ffn_up.weight,Q8_0,576,1536,none,109043776,940032,gemv_backend_run
27,v_proj,blk.27.attn_v.weight,Q8_0,576,192,none,110808640,117504,gemv_backend_run
28,down_proj,blk.28.ffn_down.weight,Q8_0,1536,576,512+512+512,110928448,940032,gemv_backend_run
28,gate_proj,blk.28.ffn_gate.weight,Q8_0,576,1536,none,111868480,940032,gemv_backend_run
28,k_proj,blk.28.attn_k.weight,Q8_0,576,192,none,113750848,117504,gemv_backend_run
28,o_proj,blk.28.attn_output.weight,Q8_0,576,576,none,113868352,352512,gemv_backend_run
28,q_proj,blk.28.attn_q.weight,Q8_0,576,576,none,114220864,352512,gemv_backend_run
28,up_proj,blk.28.ffn_up.weight,Q8_0,576,1536,none,112808512,940032,gemv_backend_run
28,v_proj,blk.28.attn_v.weight,Q8_0,576,192,none,114573376,117504,gemv_backend_run
29,down_proj,blk.29.ffn_down.weight,Q8_0,1536,576,512+512+512,114693184,940032,gemv_backend_run
29,gate_proj,blk.29.ffn_gate.weight,Q8_0,576,1536,none,115633216,940032,gemv_backend_run
29,k_proj,blk.29.attn_k.weight,Q8_0,576,192,none,117515584,117504,gemv_backend_run
29,o_proj,blk.29.attn_output.weight,Q8_0,576,576,none,117633088,352512,gemv_backend_run
29,q_proj,blk.29.attn_q.weight,Q8_0,576,576,none,117985600,352512,gemv_backend_run
29,up_proj,blk.29.ffn_up.weight,Q8_0,576,1536,none,116573248,940032,gemv_backend_run
29,v_proj,blk.29.attn_v.weight,Q8_0,576,192,none,118338112,117504,gemv_backend_run
tied,lm_head_tied_token_embd,token_embd.weight,Q8_0,576,49152,none,1785664,30081024,gemv_backend_run
