row,cpu_float,fpga_mode1_cpu_scale_float,diff,abs_diff,rel_diff,large_diff_gt_1,large_diff_gt_16,catastrophic_gt_1e6
0,-0.928551674,-0.93359375,-0.00504207611,0.00504207611,0.00543004364,0,0,0
1,-0.100769721,-0.1015625,-0.000792779028,0.000792779028,0.00786723453,0,0,0
2,-0.875838578,-0.87109375,0.00474482775,0.00474482775,0.00541746832,0,0,0
3,-1.13540018,-1.140625,-0.00522482395,0.00522482395,0.00460174665,0,0,0
4,-0.402974248,-0.40625,-0.00327575207,0.00327575207,0.00812893649,0,0,0
5,0.626686037,0.6328125,0.00612646341,0.00612646341,0.00977596923,0,0,0
6,-0.783254862,-0.79296875,-0.00971388817,0.00971388817,0.0124019507,0,0,0
7,0.224745944,0.234375,0.00962905586,0.00962905586,0.0428441808,0,0,0
8,0.728187621,0.72265625,-0.00553137064,0.00553137064,0.00759607893,0,0,0
9,0.662478328,0.66015625,-0.00232207775,0.00232207775,0.00350513768,0,0,0
10,-0.675962925,-0.6796875,-0.00372457504,0.00372457504,0.00551002859,0,0,0
11,-0.025043793,-0.02734375,-0.00229995698,0.00229995698,0.0918374056,0,0,0
12,0.561234057,0.57421875,0.0129846931,0.0129846931,0.0231359678,0,0,0
13,0.0223929547,0.0234375,0.00104454532,0.00104454532,0.0466461589,0,0,0
14,0.540800452,0.546875,0.00607454777,0.00607454777,0.0112325124,0,0,0
15,-0.0519334339,-0.05078125,0.00115218386,0.00115218386,0.0221857824,0,0,0
16,0.762581587,0.76171875,-0.000862836838,0.000862836838,0.00113146823,0,0,0
17,-0.762106538,-0.76171875,0.000387787819,0.000387787819,0.000508836757,0,0,0
18,0.291914582,0.28515625,-0.00675833225,0.00675833225,0.023151746,0,0,0
19,0.570943475,0.578125,0.00718152523,0.00718152523,0.0125783472,0,0,0
20,-0.13687782,-0.140625,-0.0037471801,0.0037471801,0.0273760943,0,0,0
21,-0.490834534,-0.48828125,0.00255328417,0.00255328417,0.00520192446,0,0,0
22,-0.0191854201,-0.015625,0.00356042013,0.00356042013,0.185579471,0,0,0
23,0.825119674,0.828125,0.00300532579,0.00300532579,0.0036422908,0,0,0
24,-0.413254648,-0.4140625,-0.000807851553,0.000807851553,0.0019548517,0,0,0
25,0.464034557,0.4609375,-0.00309705734,0.00309705734,0.00667419547,0,0,0
26,-0.094851613,-0.08984375,0.00500786304,0.00500786304,0.0527968148,0,0,0
27,-1.26922214,-1.2734375,-0.00421535969,0.00421535969,0.00332121506,0,0,0
28,0.680600345,0.67578125,-0.00481909513,0.00481909513,0.00708065338,0,0,0
29,-0.0428573862,-0.03125,0.0116073862,0.0116073862,0.270837473,0,0,0
30,0.400312275,0.3984375,-0.00187477469,0.00187477469,0.00468328056,0,0,0
31,0.588799596,0.58984375,0.00104415417,0.00104415417,0.00177336088,0,0,0
32,-0.0435283817,-0.04296875,0.000559631735,0.000559631735,0.012856709,0,0,0
33,-0.279775858,-0.27734375,0.00243210793,0.00243210793,0.00869305859,0,0,0
34,0.0199904274,0.015625,-0.00436542742,0.00436542742,0.218375892,0,0,0
35,0.0713556036,0.0703125,-0.00104310364,0.00104310364,0.0146183843,0,0,0
36,-0.908681989,-0.90234375,0.00633823872,0.00633823872,0.00697520012,0,0,0
37,0.896161616,0.89453125,-0.00163036585,0.00163036585,0.00181927659,0,0,0
38,-0.264441609,-0.2578125,0.00662910938,0.00662910938,0.0250683294,0,0,0
39,-0.179643184,-0.17578125,0.00386193395,0.00386193395,0.0214978039,0,0,0
40,-0.204190388,-0.1953125,0.00887788832,0.00887788832,0.043478483,0,0,0
41,0.454283744,0.44921875,-0.0050649941,0.0050649941,0.0111494064,0,0,0
42,-0.652265966,-0.65625,-0.00398403406,0.00398403406,0.0061079901,0,0,0
43,0.286654681,0.2890625,0.00240781903,0.00240781903,0.00839971992,0,0,0
44,-3.4830277,-3.4765625,0.00646519661,0.00646519661,0.00185620017,0,0,0
45,0.483532339,0.48046875,-0.00306358933,0.00306358933,0.00633585199,0,0,0
46,0.558533847,0.55859375,5.9902668e-05,5.9902668e-05,0.000107249844,0,0,0
47,0.095716916,0.1015625,0.00584558398,0.00584558398,0.0610715871,0,0,0
48,-0.0218764655,-0.01171875,0.0101577155,0.0101577155,0.464321602,0,0,0
49,-0.224035159,-0.234375,-0.0103398412,0.0103398412,0.0461527615,0,0,0
50,0.370514721,0.37109375,0.000579029322,0.000579029322,0.00156277009,0,0,0
51,-0.00822239742,-0.00390625,0.00431614742,0.00431614742,0.524925663,0,0,0
52,-0.39255476,-0.38671875,0.00583600998,0.00583600998,0.0148667411,0,0,0
53,-0.0785794184,-0.0703125,0.00826691836,0.00826691836,0.105204627,0,0,0
54,-0.768282294,-0.75,0.0182822943,0.0182822943,0.0237963238,0,0,0
55,1.18080151,1.203125,0.0223234892,0.0223234892,0.0189053698,0,0,0
56,0.905760467,0.91796875,0.0122082829,0.0122082829,0.0134784895,0,0,0
57,-0.743249118,-0.7421875,0.00106161833,0.00106161833,0.00142834791,0,0,0
58,-0.927667856,-0.9375,-0.00983214378,0.00983214378,0.010598776,0,0,0
59,-0.185352787,-0.17578125,0.00957153738,0.00957153738,0.0516395653,0,0,0
60,0.00587211084,0,-0.00587211084,0.00587211084,1,0,0,0
61,-0.359276474,-0.37109375,-0.0118172765,0.0118172765,0.0328918739,0,0,0
62,0.0290882811,0.03515625,0.0060679689,0.0060679689,0.208605276,0,0,0
63,0.12120188,0.11328125,-0.00792063028,0.00792063028,0.0653507211,0,0,0
64,-0.878579199,-0.890625,-0.0120458007,0.0120458007,0.0137105462,0,0,0
65,-0.309872776,-0.30859375,0.00127902627,0.00127902627,0.00412758515,0,0,0
66,-0.298690736,-0.30078125,-0.00209051371,0.00209051371,0.00699892381,0,0,0
67,-0.170160323,-0.1796875,-0.00952717662,0.00952717662,0.055989413,0,0,0
68,-1.03009272,-1.0234375,0.00665521622,0.00665521622,0.00646079339,0,0,0
69,0.794924319,0.796875,0.00195068121,0.00195068121,0.00245392066,0,0,0
70,-0.344423056,-0.3515625,-0.00713944435,0.00713944435,0.0207287063,0,0,0
71,0.181520864,0.1875,0.00597913563,0.00597913563,0.0329391095,0,0,0
72,0.520375907,0.52734375,0.00696784258,0.00696784258,0.0133900176,0,0,0
73,0.22472325,0.21875,-0.00597324967,0.00597324967,0.0265804703,0,0,0
74,-0.85479784,-0.8515625,0.00323534012,0.00323534012,0.00378491845,0,0,0
75,-0.369577557,-0.37109375,-0.00151619315,0.00151619315,0.00410250331,0,0,0
76,0.909847379,0.90625,-0.00359737873,0.00359737873,0.00395382656,0,0,0
77,-0.596387923,-0.609375,-0.0129870772,0.0129870772,0.0217762244,0,0,0
78,0.729937255,0.73828125,0.00834399462,0.00834399462,0.0114311121,0,0,0
79,0.0604925193,0.0625,0.00200748071,0.00200748071,0.0331856027,0,0,0
80,0.249783114,0.2421875,-0.0075956136,0.0075956136,0.0304088354,0,0,0
81,-0.561034322,-0.5703125,-0.00927817822,0.00927817822,0.0165376303,0,0,0
82,0.608481944,0.6015625,-0.00691944361,0.00691944361,0.0113716499,0,0,0
83,1.0965358,1.09375,-0.00278580189,0.00278580189,0.00254054804,0,0,0
84,-0.124958172,-0.109375,0.0155831724,0.0155831724,0.124707109,0,0,0
85,-0.239282534,-0.234375,0.00490753353,0.00490753353,0.020509368,0,0,0
86,-0.241559118,-0.2421875,-0.000628381968,0.000628381968,0.00260135892,0,0,0
87,0.752545655,0.76171875,0.00917309523,0.00917309523,0.0121894202,0,0,0
88,0.0390828401,0.046875,0.00779215991,0.00779215991,0.199375478,0,0,0
89,0.24404195,0.25,0.00595805049,0.00595805049,0.0244140423,0,0,0
90,-0.707153738,-0.7109375,-0.00378376245,0.00378376245,0.00535069286,0,0,0
91,-0.75232923,-0.7578125,-0.00548326969,0.00548326969,0.00728839113,0,0,0
92,0.167966738,0.15234375,-0.0156229883,0.0156229883,0.0930123934,0,0,0
93,0.0200543441,0.0078125,-0.0122418441,0.0122418441,0.610433532,0,0,0
94,0.471723109,0.48046875,0.00874564052,0.00874564052,0.0185397754,0,0,0
95,0.372014165,0.375,0.00298583508,0.00298583508,0.00802613276,0,0,0
96,-0.099103868,-0.10546875,-0.00636488199,0.00636488199,0.0642243549,0,0,0
97,-0.0826249272,-0.1015625,-0.0189375728,0.0189375728,0.229199268,0,0,0
98,0.078874208,0.0703125,-0.00856170803,0.00856170803,0.108548894,0,0,0
99,-0.0576067902,-0.05859375,-0.000986959785,0.000986959785,0.0171326988,0,0,0
100,-0.486836016,-0.484375,0.00246101618,0.00246101618,0.00505512348,0,0,0
101,0.955544829,0.96484375,0.00929892063,0.00929892063,0.00973153781,0,0,0
102,-0.443887711,-0.44921875,-0.00533103943,0.00533103943,0.0120098829,0,0,0
103,-0.379347891,-0.37109375,0.00825414062,0.00825414062,0.0217587624,0,0,0
104,-0.168935865,-0.171875,-0.00293913484,0.00293913484,0.0173979328,0,0,0
105,-0.229622319,-0.2265625,0.00305981934,0.00305981934,0.0133254439,0,0,0
106,-0.995925605,-0.99609375,-0.000168144703,0.000168144703,0.000168832594,0,0,0
107,0.234432429,0.2265625,-0.00786992908,0.00786992908,0.0335701383,0,0,0
108,-3.08097744,-3.0859375,-0.00496006012,0.00496006012,0.00160989823,0,0,0
109,0.489881188,0.4765625,-0.0133186877,0.0133186877,0.0271875875,0,0,0
110,0.180691898,0.16015625,-0.0205356479,0.0205356479,0.113650076,0,0,0
111,-0.0494769849,-0.0546875,-0.00521051511,0.00521051511,0.105311896,0,0,0
112,-0.187920749,-0.1875,0.000420749187,0.000420749187,0.00223897142,0,0,0
113,-0.0670995042,-0.0625,0.00459950417,0.00459950417,0.0685475136,0,0,0
114,0.220577553,0.20703125,-0.0135463029,0.0135463029,0.0614128806,0,0,0
115,-0.161271289,-0.16796875,-0.00669746101,0.00669746101,0.041529159,0,0,0
116,-0.320374578,-0.328125,-0.00775042176,0.00775042176,0.0241917502,0,0,0
117,-0.190633133,-0.19921875,-0.00858561695,0.00858561695,0.0450373805,0,0,0
118,0.657341838,0.66796875,0.0106269121,0.0106269121,0.0161664928,0,0,0
119,0.744342387,0.74609375,0.00175136328,0.00175136328,0.0023529001,0,0,0
120,1.27037418,1.2734375,0.00306332111,0.00306332111,0.00241135341,0,0,0
121,-0.332202435,-0.34375,-0.0115475655,0.0115475655,0.0347606286,0,0,0
122,-0.53300631,-0.53125,0.00175631046,0.00175631046,0.00329510257,0,0,0
123,-0.704053581,-0.69921875,0.00483483076,0.00483483076,0.00686713468,0,0,0
124,-0.669636548,-0.65625,0.0133865476,0.0133865476,0.0199907661,0,0,0
125,-1.05942249,-1.05859375,0.000828742981,0.000828742981,0.00078225919,0,0,0
126,0.24314934,0.23828125,-0.00486809015,0.00486809015,0.0200209885,0,0,0
127,0.0835573301,0.0859375,0.00238016993,0.00238016993,0.0284854713,0,0,0
128,-0.124236166,-0.125,-0.000763833523,0.000763833523,0.00614823802,0,0,0
129,0.138402224,0.13671875,-0.00168347359,0.00168347359,0.0121636311,0,0,0
130,0.340988785,0.34375,0.00276121497,0.00276121497,0.00809767093,0,0,0
131,0.27651757,0.27734375,0.000826179981,0.000826179981,0.00298780284,0,0,0
132,-0.0957503617,-0.09375,0.00200036168,0.00200036168,0.0208914269,0,0,0
133,-0.671507716,-0.671875,-0.000367283821,0.000367283821,0.000546953985,0,0,0
134,0.000491305487,0.0078125,0.00732119451,0.00732119451,14.9015118,0,0,0
135,-0.348558694,-0.3515625,-0.00300380588,0.00300380588,0.00861779071,0,0,0
136,-0.0870594382,-0.09375,-0.00669056177,0.00669056177,0.0768505048,0,0,0
137,0.108497836,0.11328125,0.0047834143,0.0047834143,0.0440876472,0,0,0
138,-0.29496488,-0.29296875,0.00199612975,0.00199612975,0.00676734719,0,0,0
139,0.12357644,0.1328125,0.00923606008,0.00923606008,0.0747396517,0,0,0
140,-1.04373932,-1.05078125,-0.00704193115,0.00704193115,0.00674682943,0,0,0
141,0.392636478,0.390625,-0.00201147795,0.00201147795,0.00512300324,0,0,0
142,0.268876404,0.27734375,0.00846734643,0.00846734643,0.0314915936,0,0,0
143,0.143149346,0.140625,-0.00252434611,0.00252434611,0.0176343531,0,0,0
144,0.198270828,0.1953125,-0.00295832753,0.00295832753,0.0149206395,0,0,0
145,-0.29186362,-0.28125,0.0106136203,0.0106136203,0.0363649991,0,0,0
146,-0.462572783,-0.47265625,-0.0100834668,0.0100834668,0.0217986599,0,0,0
147,-0.81930846,-0.82421875,-0.00491029024,0.00491029024,0.00599321316,0,0,0
148,-0.0121078203,-0.01171875,0.00038907025,0.00038907025,0.032133798,0,0,0
149,-0.267481416,-0.2578125,0.00966891646,0.00966891646,0.0361479934,0,0,0
150,-0.370340914,-0.36328125,0.00705966353,0.00705966353,0.0190626077,0,0,0
151,-0.678894818,-0.6953125,-0.0164176822,0.0164176822,0.024182954,0,0,0
152,-0.0580790825,-0.06640625,-0.00832716748,0.00832716748,0.143376361,0,0,0
153,-0.260781854,-0.2421875,0.0185943544,0.0185943544,0.0713023321,0,0,0
154,1.16949666,1.17578125,0.00628459454,0.00628459454,0.00537376016,0,0,0
155,-0.389341742,-0.390625,-0.0012832582,0.0012832582,0.00329596871,0,0,0
156,1.21732616,1.21875,0.00142383575,0.00142383575,0.00116964195,0,0,0
157,0.554766357,0.55078125,-0.00398510695,0.00398510695,0.00718339693,0,0,0
158,-0.153596014,-0.15625,-0.00265398622,0.00265398622,0.0172790045,0,0,0
159,-0.735249639,-0.734375,0.000874638557,0.000874638557,0.0011895804,0,0,0
160,1.23016524,1.234375,0.00420975685,0.00420975685,0.00342210681,0,0,0
161,0.250563413,0.24609375,-0.0044696629,0.0044696629,0.01783845,0,0,0
162,-1.47402334,-1.46484375,0.00917959213,0.00917959213,0.00622757583,0,0,0
163,0.117490992,0.1171875,-0.00030349195,0.00030349195,0.00258310825,0,0,0
164,-1.31574833,-1.32421875,-0.00847041607,0.00847041607,0.0064377175,0,0,0
165,0.61790359,0.625,0.0070964098,0.0070964098,0.0114846554,0,0,0
166,0.291322082,0.29296875,0.00164666772,0.00164666772,0.00565239582,0,0,0
167,0.406923175,0.40234375,-0.00457942486,0.00457942486,0.0112537824,0,0,0
168,0.0793199837,0.08203125,0.00271126628,0.00271126628,0.0341813772,0,0,0
169,0.649413764,0.65234375,0.00292998552,0.00292998552,0.00451173918,0,0,0
170,-1.13279426,-1.14453125,-0.011736989,0.011736989,0.0103610951,0,0,0
171,0.702324271,0.69140625,-0.0109180212,0.0109180212,0.0155455559,0,0,0
172,-3.63912034,-3.64453125,-0.00541090965,0.00541090965,0.00148687297,0,0,0
173,0.215558991,0.21875,0.00319100916,0.00319100916,0.0148034148,0,0,0
174,-0.58763957,-0.59375,-0.00611042976,0.00611042976,0.0103982612,0,0,0
175,0.491631001,0.4921875,0.000556498766,0.000556498766,0.00113194401,0,0,0
176,0.185676023,0.1953125,0.00963647664,0.00963647664,0.0518994131,0,0,0
177,-0.0446885303,-0.05078125,-0.00609271973,0.00609271973,0.136337438,0,0,0
178,0.279456049,0.28125,0.0017939508,0.0017939508,0.00641943805,0,0,0
179,0.426916957,0.42578125,-0.0011357069,0.0011357069,0.0026602525,0,0,0
180,-0.277019441,-0.2734375,0.00358194113,0.00358194113,0.0129302879,0,0,0
181,-0.722152054,-0.72265625,-0.00050419569,0.00050419569,0.000698184942,0,0,0
182,0.385515273,0.3828125,-0.00270277262,0.00270277262,0.00701080556,0,0,0
183,1.45318735,1.4609375,0.00775015354,0.00775015354,0.00533321017,0,0,0
184,0.712851703,0.71484375,0.00199204683,0.00199204683,0.0027944758,0,0,0
185,0.167530537,0.1640625,-0.00346803665,0.00346803665,0.0207009225,0,0,0
186,-1.11474383,-1.1171875,-0.00244367123,0.00244367123,0.00219213703,0,0,0
187,-0.166894391,-0.15625,0.0106443912,0.0106443912,0.0637792025,0,0,0
188,0.176672161,0.17578125,-0.000890910625,0.000890910625,0.00504273351,0,0,0
189,-0.302197576,-0.3046875,-0.00248992443,0.00248992443,0.00823939248,0,0,0
190,0.811885655,0.81640625,0.00452059507,0.00452059507,0.0055680194,0,0,0
191,-0.156297505,-0.16015625,-0.0038587451,0.0038587451,0.0246884626,0,0,0
192,-0.568508685,-0.5703125,-0.00180381536,0.00180381536,0.00317288973,0,0,0
193,-1.96945179,-1.98046875,-0.0110169649,0.0110169649,0.00559392466,0,0,0
194,-1.27596056,-1.27734375,-0.00138318539,0.00138318539,0.00108403459,0,0,0
195,-0.944284916,-0.9296875,0.0145974159,0.0145974159,0.0154586986,0,0,0
196,0.887499034,0.890625,0.0031259656,0.0031259656,0.00352221859,0,0,0
197,1.25013542,1.26171875,0.0115833282,0.0115833282,0.00926565878,0,0,0
198,-0.128568783,-0.125,0.0035687834,0.0035687834,0.0277577753,0,0,0
199,1.04994392,1.0546875,0.00474357605,0.00474357605,0.00451793276,0,0,0
200,-0.649119437,-0.65625,-0.00713056326,0.00713056326,0.0109849788,0,0,0
201,-1.21542978,-1.2265625,-0.0111327171,0.0111327171,0.00915949016,0,0,0
202,0.487855583,0.5078125,0.0199569166,0.0199569166,0.0409074268,0,0,0
203,-0.0274530631,-0.01953125,0.00792181306,0.00792181306,0.28855844,0,0,0
204,-0.547754943,-0.546875,0.000879943371,0.000879943371,0.00160645446,0,0,0
205,-0.831792295,-0.859375,-0.027582705,0.027582705,0.0331605681,0,0,0
206,-0.663092732,-0.65234375,0.0107489824,0.0107489824,0.0162103759,0,0,0
207,-1.38336968,-1.3984375,-0.0150678158,0.0150678158,0.0108921107,0,0,0
208,0.983333349,1,0.0166666508,0.0166666508,0.0169491361,0,0,0
209,0.549564779,0.546875,-0.0026897788,0.0026897788,0.0048943799,0,0,0
210,-1.11655307,-1.13671875,-0.0201656818,0.0201656818,0.0180606569,0,0,0
211,0.36327669,0.37109375,0.00781705976,0.00781705976,0.021518198,0,0,0
212,1.22002709,1.2578125,0.0377854109,0.0377854109,0.0309709606,0,0,0
213,-1.05761552,-1.05078125,0.00683426857,0.00683426857,0.00646195943,0,0,0
214,-1.14935923,-1.1484375,0.000921726227,0.000921726227,0.000801947908,0,0,0
215,0.912153065,0.91796875,0.0058156848,0.0058156848,0.00637577729,0,0,0
216,-0.214274913,-0.22265625,-0.00838133693,0.00838133693,0.0391148773,0,0,0
217,-1.34491539,-1.375,-0.03008461,0.03008461,0.0223691469,0,0,0
218,2.68881679,2.6953125,0.00649571419,0.00649571419,0.00241582626,0,0,0
219,-0.857525051,-0.85546875,0.00205630064,0.00205630064,0.00239794819,0,0,0
220,-1.56347799,-1.59375,-0.030272007,0.030272007,0.0193619655,0,0,0
221,0.731760859,0.71484375,-0.0169171095,0.0169171095,0.023118358,0,0,0
222,1.09988713,1.109375,0.00948786736,0.00948786736,0.00862621907,0,0,0
223,0.80764544,0.796875,-0.0107704401,0.0107704401,0.0133356044,0,0,0
224,-0.756465733,-0.74609375,0.0103719831,0.0103719831,0.0137111076,0,0,0
225,-0.60484153,-0.6015625,0.00327903032,0.00327903032,0.00542130485,0,0,0
226,0.364117891,0.3671875,0.0030696094,0.0030696094,0.00843026251,0,0,0
227,1.95767665,1.96484375,0.00716710091,0.00716710091,0.00366102385,0,0,0
228,-0.0541986227,-0.0625,-0.0083013773,0.0083013773,0.153165835,0,0,0
229,-1.60903108,-1.64453125,-0.0355001688,0.0355001688,0.0220630721,0,0,0
230,0.289884835,0.29296875,0.00308391452,0.00308391452,0.0106384127,0,0,0
231,0.524340391,0.5234375,-0.000902891159,0.000902891159,0.00172195615,0,0,0
232,0.355560094,0.359375,0.00381490588,0.00381490588,0.0107292858,0,0,0
233,-0.020049382,-0.03125,-0.011200618,0.011200618,0.558651533,0,0,0
234,0.375005752,0.37890625,0.00390049815,0.00390049815,0.0104011689,0,0,0
235,0.186285675,0.19140625,0.00512057543,0.00512057543,0.0274877574,0,0,0
236,0.200647905,0.1875,-0.0131479055,0.0131479055,0.06552725,0,0,0
237,-4.83879995,-4.8671875,-0.0283875465,0.0283875465,0.00586665016,0,0,0
238,4.43136311,4.453125,0.0217618942,0.0217618942,0.0049108804,0,0,0
239,-0.255520344,-0.26171875,-0.00619840622,0.00619840622,0.0242579754,0,0,0
240,0.108740807,0.10546875,-0.00327205658,0.00327205658,0.0300904204,0,0,0
241,0.954464674,0.95703125,0.002566576,0.002566576,0.00268902147,0,0,0
242,1.32771337,1.328125,0.000411629677,0.000411629677,0.000310029021,0,0,0
243,-7.39944601,-7.4296875,-0.0302414894,0.0302414894,0.00408699372,0,0,0
244,0.553122401,0.55859375,0.00547134876,0.00547134876,0.00989175045,0,0,0
245,-0.0721763745,-0.06640625,0.0057701245,0.0057701245,0.0799447816,0,0,0
246,0.943260372,0.94921875,0.00595837831,0.00595837831,0.00631679067,0,0,0
247,-0.66285789,-0.66015625,0.00270164013,0.00270164013,0.0040757456,0,0,0
248,1.08207965,1.0859375,0.00385785103,0.00385785103,0.0035652191,0,0,0
249,1.26684928,1.2578125,-0.0090367794,0.0090367794,0.00713327114,0,0,0
250,0.31412524,0.3046875,-0.00943773985,0.00943773985,0.030044513,0,0,0
251,-0.0484232418,-0.046875,0.00154824182,0.00154824182,0.0319731139,0,0,0
252,1.67818773,1.6875,0.00931227207,0.00931227207,0.00554900499,0,0,0
253,-0.306332797,-0.3046875,0.00164529681,0.00164529681,0.00537094568,0,0,0
254,0.198072746,0.1875,-0.0105727464,0.0105727464,0.0533780976,0,0,0
255,-0.582906604,-0.59765625,-0.0147496462,0.0147496462,0.0253036183,0,0,0
256,-0.375885934,-0.38671875,-0.0108328164,0.0108328164,0.0288194247,0,0,0
257,-1.2471391,-1.25,-0.00286090374,0.00286090374,0.00229397326,0,0,0
258,-0.66766721,-0.67578125,-0.0081140399,0.0081140399,0.0121528207,0,0,0
259,-0.453877151,-0.44921875,0.00465840101,0.00465840101,0.0102635724,0,0,0
260,0.648908734,0.6484375,-0.000471234322,0.000471234322,0.000726195067,0,0,0
261,1.1186769,1.109375,-0.00930190086,0.00930190086,0.00831509157,0,0,0
262,-0.164130613,-0.16015625,0.00397436321,0.00397436321,0.0242146369,0,0,0
263,0.573581517,0.57421875,0.000637233257,0.000637233257,0.00111097244,0,0,0
264,-0.598318756,-0.609375,-0.0110562444,0.0110562444,0.0184788531,0,0,0
265,-0.955108166,-0.9453125,0.00979566574,0.00979566574,0.01025608,0,0,0
266,0.668606877,0.66796875,-0.000638127327,0.000638127327,0.000954413346,0,0,0
267,-0.00776834134,-0.0078125,-4.41586599e-05,4.41586599e-05,0.00568443866,0,0,0
268,-0.306726992,-0.296875,0.00985199213,0.00985199213,0.0321197429,0,0,0
269,-1.08245182,-1.08203125,0.000420570374,0.000420570374,0.000388534959,0,0,0
270,-0.40416494,-0.40625,-0.00208505988,0.00208505988,0.00515893308,0,0,0
271,-0.79230839,-0.79296875,-0.000660359859,0.000660359859,0.000833463166,0,0,0
272,0.49389258,0.4921875,-0.00170508027,0.00170508027,0.0034523302,0,0,0
273,0.461815268,0.46875,0.0069347322,0.0069347322,0.0150162471,0,0,0
274,-1.36990047,-1.36328125,0.00661921501,0.00661921501,0.00483189486,0,0,0
275,0.427258432,0.41796875,-0.00928968191,0.00928968191,0.0217425362,0,0,0
276,0.949402452,0.94921875,-0.000183701515,0.000183701515,0.000193491722,0,0,0
277,-1.01982021,-1.015625,0.00419521332,0.00419521332,0.00411367932,0,0,0
278,-0.575713694,-0.57421875,0.0014949441,0.0014949441,0.00259667976,0,0,0
279,1.00435293,1.015625,0.0112720728,0.0112720728,0.0112232189,0,0,0
280,-0.181594089,-0.1796875,0.00190658867,0.00190658867,0.0104991781,0,0,0
281,-0.478171319,-0.48828125,-0.0101099312,0.0101099312,0.021142906,0,0,0
282,1.16353655,1.17578125,0.0122447014,0.0122447014,0.010523693,0,0,0
283,-0.34225449,-0.359375,-0.0171205103,0.0171205103,0.0500227487,0,0,0
284,-1.39474213,-1.3984375,-0.00369536877,0.00369536877,0.00264949963,0,0,0
285,0.569339752,0.578125,0.0087852478,0.0087852478,0.0154305891,0,0,0
286,1.70435476,1.703125,-0.00122976303,0.00122976303,0.000721541699,0,0,0
287,-0.0777878985,-0.06640625,0.0113816485,0.0113816485,0.146316441,0,0,0
288,-0.261534661,-0.26953125,-0.00799658895,0.00799658895,0.0305756373,0,0,0
289,-0.178887844,-0.17578125,0.00310659409,0.00310659409,0.0173661553,0,0,0
290,0.272361487,0.27734375,0.00498226285,0.00498226285,0.0182928317,0,0,0
291,1.15315855,1.15234375,-0.000814795494,0.000814795494,0.000706577163,0,0,0
292,-0.96580565,-0.9609375,0.00486814976,0.00486814976,0.00504050661,0,0,0
293,-1.37969315,-1.390625,-0.0109318495,0.0109318495,0.00792339186,0,0,0
294,0.0498091131,0.05078125,0.000972136855,0.000972136855,0.0195172488,0,0,0
295,-0.37218684,-0.37109375,0.00109308958,0.00109308958,0.00293693775,0,0,0
296,0.449527174,0.4375,-0.0120271742,0.0120271742,0.0267551661,0,0,0
297,-0.100505896,-0.0859375,0.0145683959,0.0145683959,0.14495066,0,0,0
298,-0.0083744172,-0.01171875,-0.0033443328,0.0033443328,0.399351109,0,0,0
299,1.10642278,1.08984375,-0.0165790319,0.0165790319,0.0149843552,0,0,0
300,-0.350078017,-0.33984375,0.0102342665,0.0102342665,0.029234245,0,0,0
301,-3.55111027,-3.54296875,0.00814151764,0.00814151764,0.00229266822,0,0,0
302,2.48190618,2.4921875,0.0102813244,0.0102813244,0.0041425113,0,0,0
303,-0.284352124,-0.296875,-0.0125228763,0.0125228763,0.0440400307,0,0,0
304,0.00934897456,0.01953125,0.0101822754,0.0101822754,1.08913286,0,0,0
305,1.24123037,1.23046875,-0.0107616186,0.0107616186,0.00867012191,0,0,0
306,0.544689834,0.54296875,-0.00172108412,0.00172108412,0.00315975076,0,0,0
307,-2.62776685,-2.63671875,-0.00895190239,0.00895190239,0.00340665779,0,0,0
308,0.429212868,0.421875,-0.00733786821,0.00733786821,0.0170961049,0,0,0
309,0.147864476,0.140625,-0.00723947585,0.00723947585,0.0489602104,0,0,0
310,-0.0825863257,-0.0859375,-0.00335117429,0.00335117429,0.040577835,0,0,0
311,-0.220861182,-0.21484375,0.00601743162,0.00601743162,0.0272453112,0,0,0
312,0.560152888,0.55859375,-0.0015591383,0.0015591383,0.00278341562,0,0,0
313,0.739398956,0.7421875,0.0027885437,0.0027885437,0.00377136548,0,0,0
314,-0.153180614,-0.15234375,0.000836864114,0.000836864114,0.00546325081,0,0,0
315,-0.182709157,-0.1953125,-0.0126033425,0.0126033425,0.0689803549,0,0,0
316,0.929650247,0.9296875,3.7252903e-05,3.7252903e-05,4.00719551e-05,0,0,0
317,-1.44524765,-1.43359375,0.0116539001,0.0116539001,0.00806360083,0,0,0
318,-0.0461573042,-0.05078125,-0.0046239458,0.0046239458,0.100177987,0,0,0
319,-0.288986921,-0.2890625,-7.55786896e-05,7.55786896e-05,0.000261529793,0,0,0
320,-0.534009516,-0.53515625,-0.00114673376,0.00114673376,0.00214740323,0,0,0
321,-1.28494716,-1.2890625,-0.00411534309,0.00411534309,0.00320273334,0,0,0
322,-0.461671978,-0.45703125,0.00464072824,0.00464072824,0.0100520033,0,0,0
323,-0.507125497,-0.5,0.00712549686,0.00712549686,0.0140507565,0,0,0
324,0.608581841,0.609375,0.000793159008,0.000793159008,0.00130329063,0,0,0
325,0.821547329,0.83203125,0.0104839206,0.0104839206,0.0127611888,0,0,0
326,-0.411907852,-0.40234375,0.0095641017,0.0095641017,0.0232190323,0,0,0
327,0.182369009,0.18359375,0.00122474134,0.00122474134,0.00671573174,0,0,0
328,-0.249652147,-0.25390625,-0.00425410271,0.00425410271,0.0170401206,0,0,0
329,-0.997097969,-1.0078125,-0.0107145309,0.0107145309,0.0107457153,0,0,0
330,0.239683092,0.24609375,0.00641065836,0.00641065836,0.0267463938,0,0,0
331,0.232493609,0.2265625,-0.00593110919,0.00593110919,0.0255108483,0,0,0
332,-0.294916123,-0.28515625,0.00975987315,0.00975987315,0.0330937253,0,0,0
333,-0.802684069,-0.8125,-0.00981593132,0.00981593132,0.0122288852,0,0,0
334,0.14712815,0.1328125,-0.0143156499,0.0143156499,0.0973005498,0,0,0
335,-0.819196105,-0.8125,0.006696105,0.006696105,0.00817399517,0,0,0
336,0.0147393504,0.015625,0.000885649584,0.000885649584,0.0600874231,0,0,0
337,0.640942156,0.63671875,-0.00422340631,0.00422340631,0.00658937203,0,0,0
338,-1.55908072,-1.56640625,-0.00732553005,0.00732553005,0.00469862141,0,0,0
339,0.400064528,0.40234375,0.00227922201,0.00227922201,0.00569713597,0,0,0
340,0.783987343,0.79296875,0.00898140669,0.00898140669,0.0114560608,0,0,0
341,-0.931767941,-0.94140625,-0.00963830948,0.00963830948,0.0103441094,0,0,0
342,-0.131973714,-0.12109375,0.0108799636,0.0108799636,0.082440384,0,0,0
343,0.80109185,0.80078125,-0.000310599804,0.000310599804,0.000387720589,0,0,0
344,-0.387623966,-0.37890625,0.00871771574,0.00871771574,0.0224901361,0,0,0
345,-0.44358629,-0.45703125,-0.0134449601,0.0134449601,0.0303096836,0,0,0
346,1.40080452,1.4140625,0.0132579803,0.0132579803,0.00946454709,0,0,0
347,-0.31228289,-0.32421875,-0.0119358599,0.0119358599,0.0382213061,0,0,0
348,-1.15081728,-1.16796875,-0.017151475,0.017151475,0.0149037344,0,0,0
349,0.398924649,0.3984375,-0.000487148762,0.000487148762,0.00122115483,0,0,0
350,0.758012533,0.765625,0.00761246681,0.00761246681,0.0100426662,0,0,0
351,0.0346222781,0.03125,-0.00337227806,0.00337227806,0.0974019693,0,0,0
352,-0.500244558,-0.50390625,-0.00366169214,0.00366169214,0.00731980405,0,0,0
353,0.00507387239,-0.01171875,-0.0167926224,0.0167926224,3.30962647,0,0,0
354,0.146367952,0.140625,-0.00574295223,0.00574295223,0.0392364048,0,0,0
355,1.0812,1.1015625,0.0203624964,0.0203624964,0.0188332374,0,0,0
356,0.1762885,0.16796875,-0.00831975043,0.00831975043,0.0471939486,0,0,0
357,-2.1445601,-2.16015625,-0.0155961514,0.0155961514,0.00727242448,0,0,0
358,0.181617185,0.18359375,0.00197656453,0.00197656453,0.010883136,0,0,0
359,-1.0149852,-1.03515625,-0.0201710463,0.0201710463,0.0198732417,0,0,0
360,-0.0677812174,-0.0859375,-0.0181562826,0.0181562826,0.267865986,0,0,0
361,0.717701554,0.734375,0.0166734457,0.0166734457,0.0232317258,0,0,0
362,-0.374191701,-0.3828125,-0.00862079859,0.00862079859,0.0230384548,0,0,0
363,1.02028811,1.01953125,-0.000756859779,0.000756859779,0.000741809859,0,0,0
364,-0.513951421,-0.515625,-0.00167357922,0.00167357922,0.00325629845,0,0,0
365,-3.55060077,-3.57421875,-0.0236179829,0.0236179829,0.00665182723,0,0,0
366,2.76732683,2.78125,0.0139231682,0.0139231682,0.0050312699,0,0,0
367,0.0883205682,0.08984375,0.0015231818,0.0015231818,0.0172460597,0,0,0
368,-0.201042116,-0.19921875,0.00182336569,0.00182336569,0.00906957073,0,0,0
369,1.22407079,1.23828125,0.0142104626,0.0142104626,0.0116091836,0,0,0
370,0.438582838,0.4453125,0.00672966242,0.00672966242,0.015344108,0,0,0
371,-3.23874307,-3.25,-0.0112569332,0.0112569332,0.00347571048,0,0,0
372,1.37444973,1.3828125,0.00836277008,0.00836277008,0.00608444958,0,0,0
373,0.542910099,0.54296875,5.86509705e-05,5.86509705e-05,0.000108030723,0,0,0
374,0.645369768,0.64453125,-0.000838518143,0.000838518143,0.00129928327,0,0,0
375,-0.795499206,-0.80078125,-0.00528204441,0.00528204441,0.00663991161,0,0,0
376,1.0747081,1.06640625,-0.00830185413,0.00830185413,0.00772475252,0,0,0
377,0.899457157,0.90234375,0.00288659334,0.00288659334,0.00320926163,0,0,0
378,0.232579842,0.234375,0.00179515779,0.00179515779,0.0077184582,0,0,0
379,-0.346122622,-0.34765625,-0.00153362751,0.00153362751,0.00443087915,0,0,0
380,0.938356936,0.9375,-0.000856935978,0.000856935978,0.000913230291,0,0,0
381,-0.935760975,-0.9375,-0.00173902512,0.00173902512,0.0018584074,0,0,0
382,0.00841256417,0.01171875,0.00330618583,0.00330618583,0.393005718,0,0,0
383,-0.542205751,-0.55078125,-0.00857549906,0.00857549906,0.01581595,0,0,0
384,-0.17357941,-0.17578125,-0.00220184028,0.00220184028,0.0126849163,0,0,0
385,-0.256629437,-0.2578125,-0.00118306279,0.00118306279,0.00461000423,0,0,0
386,0.757023036,0.75,-0.00702303648,0.00702303648,0.00927717671,0,0,0
387,-0.849039495,-0.8359375,0.013101995,0.013101995,0.0154315495,0,0,0
388,-0.597115517,-0.60546875,-0.00835323334,0.00835323334,0.0139893088,0,0,0
389,-0.929553866,-0.94140625,-0.0118523836,0.0118523836,0.0127506152,0,0,0
390,-2.30574393,-2.31640625,-0.0106623173,0.0106623173,0.00462424171,0,0,0
391,1.98224664,1.98828125,0.00603461266,0.00603461266,0.00304432987,0,0,0
392,-2.6651206,-2.67578125,-0.0106606483,0.0106606483,0.00400006226,0,0,0
393,2.43570566,2.44140625,0.00570058823,0.00570058823,0.00234042574,0,0,0
394,-0.157668576,-0.15625,0.00141857564,0.00141857564,0.00899719959,0,0,0
395,-0.301523447,-0.29296875,0.00855469704,0.00855469704,0.0283715815,0,0,0
396,-0.631892204,-0.6328125,-0.000920295715,0.000920295715,0.00145641252,0,0,0
397,-0.807927907,-0.80859375,-0.000665843487,0.000665843487,0.000824137255,0,0,0
398,0.264582038,0.26953125,0.00494921207,0.00494921207,0.018705775,0,0,0
399,-0.0852803588,-0.0859375,-0.000657141209,0.000657141209,0.00770565718,0,0,0
400,-2.12980843,-2.1328125,-0.0030040741,0.0030040741,0.00141049029,0,0,0
401,-2.70592308,-2.71875,-0.0128269196,0.0128269196,0.00474031197,0,0,0
402,0.366309404,0.3671875,0.000878095627,0.000878095627,0.00239714191,0,0,0
403,0.227069467,0.2265625,-0.000506967306,0.000506967306,0.00223265291,0,0,0
404,0.299005091,0.30859375,0.00958865881,0.00958865881,0.032068547,0,0,0
405,0.216757804,0.22265625,0.00589844584,0.00589844584,0.0272121498,0,0,0
406,0.549634933,0.546875,-0.00275993347,0.00275993347,0.00502139384,0,0,0
407,-0.334115446,-0.3359375,-0.00182205439,0.00182205439,0.00545336772,0,0,0
408,-1.31700647,-1.3125,0.00450646877,0.00450646877,0.00342175143,0,0,0
409,0.451580524,0.4609375,0.00935697556,0.00935697556,0.0207205029,0,0,0
410,-0.133365259,-0.13671875,-0.00335349143,0.00335349143,0.025145165,0,0,0
411,-1.36420345,-1.359375,0.00482845306,0.00482845306,0.00353939367,0,0,0
412,-0.452054799,-0.453125,-0.0010702014,0.0010702014,0.00236741519,0,0,0
413,0.132764965,0.13671875,0.0039537847,0.0039537847,0.0297803317,0,0,0
414,-0.315128684,-0.31640625,-0.00127756596,0.00127756596,0.00405410875,0,0,0
415,-0.394939065,-0.39453125,0.00040781498,0.00040781498,0.00103260228,0,0,0
416,0.912005663,0.9140625,0.00205683708,0.00205683708,0.00225528981,0,0,0
417,1.37169361,1.375,0.00330638885,0.00330638885,0.0024104427,0,0,0
418,-0.744878531,-0.75,-0.0051214695,0.0051214695,0.00687557674,0,0,0
419,-1.0917809,-1.0859375,0.00584340096,0.00584340096,0.00535217364,0,0,0
420,-1.2298193,-1.23828125,-0.00846195221,0.00846195221,0.00688064679,0,0,0
421,0.136198327,0.13671875,0.000520423055,0.000520423055,0.0038210679,0,0,0
422,-0.244863033,-0.2421875,0.00267553329,0.00267553329,0.0109266526,0,0,0
423,0.787554681,0.7890625,0.0015078187,0.0015078187,0.00191455747,0,0,0
424,-0.275088251,-0.2734375,0.00165075064,0.00165075064,0.00600080386,0,0,0
425,-0.994888008,-0.98828125,0.00660675764,0.00660675764,0.00664070487,0,0,0
426,-0.476485014,-0.4921875,-0.015702486,0.015702486,0.0329548371,0,0,0
427,2.25797462,2.2578125,-0.000162124634,0.000162124634,7.18009104e-05,0,0,0
428,-1.15616095,-1.15625,-8.90493393e-05,8.90493393e-05,7.70215767e-05,0,0,0
429,1.49590909,1.49609375,0.00018465519,0.00018465519,0.000123440114,0,0,0
430,-1.36237657,-1.3671875,-0.0048109293,0.0048109293,0.00353127718,0,0,0
431,0.965870976,0.97265625,0.00678527355,0.00678527355,0.007025031,0,0,0
432,-0.0327962264,-0.0390625,-0.00626627356,0.00626627356,0.191066907,0,0,0
433,1.04755199,1.04296875,-0.00458323956,0.00458323956,0.00437519054,0,0,0
434,-0.194944724,-0.1953125,-0.000367775559,0.000367775559,0.00188656328,0,0,0
435,0.123288035,0.125,0.00171196461,0.00171196461,0.0138858941,0,0,0
436,1.76605451,1.76171875,-0.00433576107,0.00433576107,0.00245505506,0,0,0
437,-0.950864911,-0.94921875,0.00164616108,0.00164616108,0.00173122497,0,0,0
438,0.535512507,0.52734375,-0.00816875696,0.00816875696,0.0152540918,0,0,0
439,-0.651053607,-0.6484375,0.00261610746,0.00261610746,0.00401826737,0,0,0
440,-0.60757041,-0.62109375,-0.0135233402,0.0135233402,0.0222580626,0,0,0
441,-0.0493074469,-0.05078125,-0.00147380307,0.00147380307,0.0298900707,0,0,0
442,0.2959764,0.30078125,0.00480484962,0.00480484962,0.0162338944,0,0,0
443,-0.0700781196,-0.0703125,-0.000234380364,0.000234380364,0.00334455841,0,0,0
444,1.08140373,1.08984375,0.0084400177,0.0084400177,0.00780468705,0,0,0
445,-2.85603189,-2.8671875,-0.0111556053,0.0111556053,0.00390598065,0,0,0
446,0.146739215,0.14453125,-0.00220796466,0.00220796466,0.0150468616,0,0,0
447,-0.0497209653,-0.0546875,-0.00496653467,0.00496653467,0.0998881386,0,0,0
448,-0.227894232,-0.21875,0.00914423168,0.00914423168,0.0401248931,0,0,0
449,-0.397148699,-0.375,0.0221486986,0.0221486986,0.055769284,0,0,0
450,-1.57057953,-1.5625,0.00807952881,0.00807952881,0.0051442978,0,0,0
451,-0.649397552,-0.63671875,0.012678802,0.012678802,0.0195239449,0,0,0
452,-1.70685232,-1.69921875,0.00763356686,0.00763356686,0.00447230659,0,0,0
453,1.48752737,1.4921875,0.00466012955,0.00466012955,0.00313280256,0,0,0
454,1.05208719,1.04296875,-0.00911843777,0.00911843777,0.0086669982,0,0,0
455,-0.8152408,-0.81640625,-0.00116544962,0.00116544962,0.00142957715,0,0,0
456,0.474449337,0.46484375,-0.00960558653,0.00960558653,0.0202457582,0,0,0
457,-1.09073615,-1.08984375,0.000892400742,0.000892400742,0.000818163715,0,0,0
458,-1.39973032,-1.40234375,-0.00261342525,0.00261342525,0.00186709197,0,0,0
459,-0.0612558946,-0.05859375,0.0026621446,0.0026621446,0.0434594029,0,0,0
460,-0.62109375,-0.6328125,-0.01171875,0.01171875,0.0188679245,0,0,0
461,-0.487552524,-0.46875,0.0188025236,0.0188025236,0.0385651242,0,0,0
462,2.2813468,2.28125,-9.67979431e-05,9.67979431e-05,4.24301747e-05,0,0,0
463,-1.29954314,-1.3125,-0.0129568577,0.0129568577,0.00997031746,0,0,0
464,1.20555162,1.19921875,-0.0063328743,0.0063328743,0.00525309258,0,0,0
465,1.11376774,1.09375,-0.0200177431,0.0200177431,0.0179729959,0,0,0
466,1.54869854,1.546875,-0.0018235445,0.0018235445,0.00117746898,0,0,0
467,1.02301717,1.01953125,-0.00348591805,0.00348591805,0.00340748734,0,0,0
468,0.4592264,0.45703125,-0.00219514966,0.00219514966,0.00478010337,0,0,0
469,0.848590612,0.8359375,-0.0126531124,0.0126531124,0.0149107381,0,0,0
470,1.41512477,1.4140625,-0.00106227398,0.00106227398,0.000750657468,0,0,0
471,-2.89079428,-2.90234375,-0.0115494728,0.0115494728,0.00399525933,0,0,0
472,-1.28052628,-1.26953125,0.0109950304,0.0109950304,0.00858633717,0,0,0
473,1.03130007,1.05078125,0.0194811821,0.0194811821,0.0188899261,0,0,0
474,0.355584025,0.37109375,0.0155097246,0.0155097246,0.043617608,0,0,0
475,-0.914399505,-0.9296875,-0.0152879953,0.0152879953,0.0167191641,0,0,0
476,-1.7761941,-1.7734375,0.00275659561,0.00275659561,0.00155196756,0,0,0
477,-1.89574575,-1.8984375,-0.00269174576,0.00269174576,0.00141988753,0,0,0
478,-1.92555499,-1.94140625,-0.0158512592,0.0158512592,0.00823204702,0,0,0
479,-0.0662971511,-0.078125,-0.0118278489,0.0118278489,0.178406593,0,0,0
480,1.3540206,1.35546875,0.00144815445,0.00144815445,0.00106952173,0,0,0
481,2.33677912,2.33203125,-0.00474786758,0.00474786758,0.0020317999,0,0,0
482,1.0670439,1.06640625,-0.00063765049,0.00063765049,0.000597585994,0,0,0
483,0.821698964,0.828125,0.00642603636,0.00642603636,0.00782042651,0,0,0
484,-2.32257509,-2.328125,-0.00554990768,0.00554990768,0.0023895493,0,0,0
485,1.9114691,1.91796875,0.00649964809,0.00649964809,0.0034003417,0,0,0
486,-0.242583945,-0.25,-0.00741605461,0.00741605461,0.0305710858,0,0,0
487,-0.378182113,-0.35546875,0.0227133632,0.0227133632,0.0600593269,0,0,0
488,0.781793714,0.78125,-0.00054371357,0.00054371357,0.000695469355,0,0,0
489,-1.86073935,-1.8671875,-0.00644814968,0.00644814968,0.00346536966,0,0,0
490,1.4995321,1.4921875,-0.00734460354,0.00734460354,0.00489793018,0,0,0
491,1.55790925,1.55859375,0.000684499741,0.000684499741,0.00043937074,0,0,0
492,-2.49024367,-2.515625,-0.0253813267,0.0253813267,0.0101923065,0,0,0
493,-0.469444633,-0.44921875,0.0202258825,0.0202258825,0.0430847029,0,0,0
494,-6.66021872,-6.6640625,-0.00384378433,0.00384378433,0.000577125842,0,0,0
495,0.073176831,0.0703125,-0.00286433101,0.00286433101,0.0391425943,0,0,0
496,2.59491968,2.59375,-0.00116968155,0.00116968155,0.000450758286,0,0,0
497,0.941994071,0.94140625,-0.000587821007,0.000587821007,0.000624017735,0,0,0
498,1.07273567,1.0703125,-0.00242316723,0.00242316723,0.00225886703,0,0,0
499,0.487905234,0.48046875,-0.0074364841,0.0074364841,0.0152416567,0,0,0
500,-0.3936207,-0.390625,0.00299569964,0.00299569964,0.00761062527,0,0,0
501,0.71268934,0.703125,-0.00956434011,0.00956434011,0.013420069,0,0,0
502,0.139081657,0.14453125,0.00544959307,0.00544959307,0.0391826873,0,0,0
503,-1.1884197,-1.1796875,0.00873219967,0.00873219967,0.00734774059,0,0,0
504,-0.858218729,-0.8671875,-0.0089687705,0.0089687705,0.0104504483,0,0,0
505,0.13807033,0.12890625,-0.00916408002,0.00916408002,0.066372551,0,0,0
506,0.0673933774,0.0703125,0.00291912258,0.00291912258,0.04331468,0,0,0
507,-0.0327338502,-0.03515625,-0.00242239982,0.00242239982,0.0740028993,0,0,0
508,-0.268635899,-0.26953125,-0.000895351171,0.000895351171,0.00333295429,0,0,0
509,-0.216219649,-0.22265625,-0.00643660128,0.00643660128,0.0297688083,0,0,0
510,-0.149833933,-0.14453125,0.00530268252,0.00530268252,0.0353903981,0,0,0
511,0.0639933944,0.05859375,-0.00539964437,0.00539964437,0.0843781523,0,0,0
512,1.18891478,1.1796875,-0.00922727585,0.00922727585,0.00776109107,0,0,0
513,-0.938417673,-0.9375,0.000917673111,0.000917673111,0.000977894105,0,0,0
514,0.55074507,0.5546875,0.00394243002,0.00394243002,0.00715835735,0,0,0
515,-0.804951608,-0.80078125,0.00417035818,0.00417035818,0.00518088061,0,0,0
516,2.31831479,2.3203125,0.00199770927,0.00199770927,0.000861707514,0,0,0
517,-1.10962915,-1.10546875,0.00416040421,0.00416040421,0.00374936454,0,0,0
518,0.235165238,0.2265625,-0.00860273838,0.00860273838,0.0365816752,0,0,0
519,-1.65954161,-1.6640625,-0.0045208931,0.0045208931,0.00272418183,0,0,0
520,0.715209305,0.71484375,-0.000365555286,0.000365555286,0.000511116513,0,0,0
521,-2.70053411,-2.70703125,-0.0064971447,0.0064971447,0.00240587397,0,0,0
522,2.02262568,2.01953125,-0.00309443474,0.00309443474,0.00152990974,0,0,0
523,1.73889756,1.734375,-0.00452256203,0.00452256203,0.00260082142,0,0,0
524,-0.769571364,-0.76953125,4.01139259e-05,4.01139259e-05,5.21250242e-05,0,0,0
525,-0.574293852,-0.58984375,-0.0155498981,0.0155498981,0.0270765534,0,0,0
526,-1.18725407,-1.18359375,0.00366032124,0.00366032124,0.00308301426,0,0,0
527,1.48363018,1.48828125,0.00465106964,0.00465106964,0.0031349252,0,0,0
528,2.40064955,2.40234375,0.00169420242,0.00169420242,0.000705726675,0,0,0
529,0.578620672,0.58203125,0.00341057777,0.00341057777,0.0058943241,0,0,0
530,1.35988677,1.3515625,-0.00832426548,0.00832426548,0.0061212931,0,0,0
531,-0.545122206,-0.546875,-0.00175279379,0.00175279379,0.0032154144,0,0,0
532,0.886169672,0.88671875,0.000549077988,0.000549077988,0.000619608191,0,0,0
533,0.365281135,0.36328125,-0.00199988484,0.00199988484,0.0054749196,0,0,0
534,-0.229769617,-0.23828125,-0.00851163268,0.00851163268,0.0370442045,0,0,0
535,-0.225079358,-0.2265625,-0.00148314238,0.00148314238,0.0065894198,0,0,0
536,-1.11019158,-1.1171875,-0.00699591637,0.00699591637,0.00630153972,0,0,0
537,0.552196681,0.546875,-0.0053216815,0.0053216815,0.00963729352,0,0,0
538,-0.292153388,-0.30078125,-0.00862786174,0.00862786174,0.0295319585,0,0,0
539,-1.04418457,-1.04296875,0.00121581554,0.00121581554,0.00116436843,0,0,0
540,-0.879711628,-0.8828125,-0.00310087204,0.00310087204,0.00352487331,0,0,0
541,0.18102093,0.1875,0.00647906959,0.00647906959,0.0357918257,0,0,0
542,-0.571832657,-0.578125,-0.00629234314,0.00629234314,0.0110038191,0,0,0
543,0.312209308,0.31640625,0.00419694185,0.00419694185,0.0134427185,0,0,0
544,0.384042621,0.3828125,-0.00123012066,0.00123012066,0.0032030837,0,0,0
545,1.04258442,1.04296875,0.00038433075,0.00038433075,0.000368632738,0,0,0
546,-0.0704808682,-0.08203125,-0.0115503818,0.0115503818,0.163879675,0,0,0
547,1.23796141,1.23828125,0.000319838524,0.000319838524,0.000258359042,0,0,0
548,-2.19705033,-2.1953125,0.00173783302,0.00173783302,0.00079098462,0,0,0
549,2.30613494,2.30859375,0.00245881081,0.00245881081,0.00106620422,0,0,0
550,0.267689645,0.2734375,0.00574785471,0.00574785471,0.0214720846,0,0,0
551,0.353871405,0.35546875,0.00159734488,0.00159734488,0.00451391339,0,0,0
552,0.162722543,0.16796875,0.00524620712,0.00524620712,0.0322401987,0,0,0
553,-3.01302624,-3.0078125,0.00521373749,0.00521373749,0.00173039897,0,0,0
554,0.732006848,0.734375,0.00236815214,0.00236815214,0.00323515026,0,0,0
555,2.47880006,2.484375,0.00557494164,0.00557494164,0.00224904853,0,0,0
556,-0.199617654,-0.20703125,-0.00741359591,0.00741359591,0.0371389793,0,0,0
557,1.96808755,1.97265625,0.00456869602,0.00456869602,0.00232138861,0,0,0
558,0.0871374086,0.08984375,0.00270634145,0.00270634145,0.0310583192,0,0,0
559,1.04329717,1.0546875,0.0113903284,0.0113903284,0.0109176261,0,0,0
560,-0.00768709043,0.00390625,0.0115933404,0.0115933404,1.50815715,0,0,0
561,-0.426730216,-0.421875,0.00485521555,0.00485521555,0.0113777168,0,0,0
562,-0.0137793394,-0.01171875,0.00206058938,0.00206058938,0.149541957,0,0,0
563,0.297544032,0.3046875,0.00714346766,0.00714346766,0.0240081026,0,0,0
564,3.30243254,3.3046875,0.00225496292,0.00225496292,0.000682818769,0,0,0
565,-1.96097481,-1.96875,-0.00777518749,0.00777518749,0.00396496041,0,0,0
566,0.647453129,0.66015625,0.0127031207,0.0127031207,0.0196201395,0,0,0
567,-0.579612672,-0.58203125,-0.00241857767,0.00241857767,0.00417274809,0,0,0
568,0.592144668,0.60546875,0.0133240819,0.0133240819,0.0225013964,0,0,0
569,0.564804494,0.5859375,0.0211330056,0.0211330056,0.0374164969,0,0,0
570,0.493561834,0.5,0.0064381659,0.0064381659,0.0130442945,0,0,0
571,-0.610459626,-0.6171875,-0.00672787428,0.00672787428,0.0110209979,0,0,0
572,-0.178841874,-0.1875,-0.008658126,0.008658126,0.0484121856,0,0,0
573,0.217143014,0.23046875,0.0133257359,0.0133257359,0.0613684764,0,0,0
574,0.624806881,0.63671875,0.011911869,0.011911869,0.0190648813,0,0,0
575,-0.702751577,-0.72265625,-0.0199046731,0.0199046731,0.028323911,0,0,0
