row_group,lane,row,block,cpu_block_acc_i32,mixed_lane_i32,duplicate_same_lane_i32,duplicate_lane0_i32,mixed_vs_cpu,duplicate_same_lane_vs_cpu,mixed_vs_duplicate,duplicate_good_lanes
0,9,9,0,3013,3013,3013,3013,1,1,1,16
0,9,9,1,-605,-605,-605,-605,1,1,1,16
0,9,9,2,1705,1705,1705,1705,1,1,1,16
0,9,9,3,595,595,595,595,1,1,1,16
0,9,9,4,-2,-2,-2,-2,1,1,1,16
0,9,9,5,-2011,-2011,-2011,-2011,1,1,1,16
0,9,9,6,1005,1005,1005,1005,1,1,1,16
0,9,9,7,8565,8565,8565,8565,1,1,1,16
0,9,9,8,4608,4608,4608,4608,1,1,1,16
0,9,9,9,6406,6406,6406,6406,1,1,1,16
0,9,9,10,4261,4261,4261,4261,1,1,1,16
0,9,9,11,5813,5813,5813,5813,1,1,1,16
0,9,9,12,4313,4313,4313,4313,1,1,1,16
0,9,9,13,59,59,59,59,1,1,1,16
0,9,9,14,-191,-191,-191,-191,1,1,1,16
0,9,9,15,-3261,-3261,-3261,-3261,1,1,1,16
0,9,9,16,-407,-407,-407,-407,1,1,1,16
0,9,9,17,-196,-196,-196,-196,1,1,1,16
1,6,22,0,-5788,-5788,-5788,-5788,1,1,1,16
1,6,22,1,4964,4964,4964,4964,1,1,1,16
1,6,22,2,-19,-19,-19,-19,1,1,1,16
1,6,22,3,2471,2471,2471,2471,1,1,1,16
1,6,22,4,-487,-487,-487,-487,1,1,1,16
1,6,22,5,-1755,-1755,-1755,-1755,1,1,1,16
1,6,22,6,-698,-698,-698,-698,1,1,1,16
1,6,22,7,2501,2501,2501,2501,1,1,1,16
1,6,22,8,-2687,-2687,-2687,-2687,1,1,1,16
1,6,22,9,2601,2601,2601,2601,1,1,1,16
1,6,22,10,-6614,-6614,-6614,-6614,1,1,1,16
1,6,22,11,4950,4950,4950,4950,1,1,1,16
1,6,22,12,-1937,-1937,-1937,-1937,1,1,1,16
1,6,22,13,1898,1898,1898,1898,1,1,1,16
1,6,22,14,2573,2573,2573,2573,1,1,1,16
1,6,22,15,3386,3386,3386,3386,1,1,1,16
1,6,22,16,1248,1248,1248,1248,1,1,1,16
1,6,22,17,-2,-2,-2,-2,1,1,1,16
1,13,29,0,7040,7040,7040,7040,1,1,1,16
1,13,29,1,979,979,979,979,1,1,1,16
1,13,29,2,-53,-53,-53,-53,1,1,1,16
1,13,29,3,1856,1856,1856,1856,1,1,1,16
1,13,29,4,-2736,-2736,-2736,-2736,1,1,1,16
1,13,29,5,1150,1150,1150,1150,1,1,1,16
1,13,29,6,-1463,-1463,-1463,-1463,1,1,1,16
1,13,29,7,-2142,-2142,-2142,-2142,1,1,1,16
1,13,29,8,866,866,866,866,1,1,1,16
1,13,29,9,-11927,-11927,-11927,-11927,1,1,1,16
1,13,29,10,-5666,-5666,-5666,-5666,1,1,1,16
1,13,29,11,-1466,-1466,-1466,-1466,1,1,1,16
1,13,29,12,-5254,-5254,-5254,-5254,1,1,1,16
1,13,29,13,2578,2578,2578,2578,1,1,1,16
1,13,29,14,12174,12174,12174,12174,1,1,1,16
1,13,29,15,3501,3501,3501,3501,1,1,1,16
1,13,29,16,2756,2756,2756,2756,1,1,1,16
1,13,29,17,-274,-274,-274,-274,1,1,1,16
1,15,31,0,8198,8198,8198,8198,1,1,1,16
1,15,31,1,2188,2188,2188,2188,1,1,1,16
1,15,31,2,-42,-42,-42,-42,1,1,1,16
1,15,31,3,836,836,836,836,1,1,1,16
1,15,31,4,-1355,-1355,-1355,-1355,1,1,1,16
1,15,31,5,1545,1545,1545,1545,1,1,1,16
1,15,31,6,-680,-680,-680,-680,1,1,1,16
1,15,31,7,6406,6406,6406,6406,1,1,1,16
1,15,31,8,4557,4557,4557,4557,1,1,1,16
1,15,31,9,510,510,510,510,1,1,1,16
1,15,31,10,-5077,-5077,-5077,-5077,1,1,1,16
1,15,31,11,2435,2435,2435,2435,1,1,1,16
1,15,31,12,-3552,-3552,-3552,-3552,1,1,1,16
1,15,31,13,1154,1154,1154,1154,1,1,1,16
1,15,31,14,12867,12867,12867,12867,1,1,1,16
1,15,31,15,12248,12248,12248,12248,1,1,1,16
1,15,31,16,-853,-853,-853,-853,1,1,1,16
1,15,31,17,-1487,-1487,-1487,-1487,1,1,1,16
3,0,48,0,10207,10207,10207,10207,1,1,1,16
3,0,48,1,-4315,-4315,-4315,-4315,1,1,1,16
3,0,48,2,1183,1183,1183,1183,1,1,1,16
3,0,48,3,-3682,-3682,-3682,-3682,1,1,1,16
3,0,48,4,672,672,672,672,1,1,1,16
3,0,48,5,1363,1363,1363,1363,1,1,1,16
3,0,48,6,-456,-456,-456,-456,1,1,1,16
3,0,48,7,2796,2796,2796,2796,1,1,1,16
3,0,48,8,-18,-18,-18,-18,1,1,1,16
3,0,48,9,-5979,-5979,-5979,-5979,1,1,1,16
3,0,48,10,-2390,-2390,-2390,-2390,1,1,1,16
3,0,48,11,-6863,-6863,-6863,-6863,1,1,1,16
3,0,48,12,-3406,-3406,-3406,-3406,1,1,1,16
3,0,48,13,-2075,-2075,-2075,-2075,1,1,1,16
3,0,48,14,962,962,962,962,1,1,1,16
3,0,48,15,11046,11046,11046,11046,1,1,1,16
3,0,48,16,2587,2587,2587,2587,1,1,1,16
3,0,48,17,-2983,-2983,-2983,-2983,1,1,1,16
3,11,59,0,16458,16458,16458,16458,1,1,1,16
3,11,59,1,-1958,-1958,-1958,-1958,1,1,1,16
3,11,59,2,-850,-850,-850,-850,1,1,1,16
3,11,59,3,-1052,-1052,-1052,-1052,1,1,1,16
3,11,59,4,-33,-33,-33,-33,1,1,1,16
3,11,59,5,478,478,478,478,1,1,1,16
3,11,59,6,-1523,-1523,-1523,-1523,1,1,1,16
3,11,59,7,-4893,-4893,-4893,-4893,1,1,1,16
3,11,59,8,-228,-228,-228,-228,1,1,1,16
3,11,59,9,2886,2886,2886,2886,1,1,1,16
3,11,59,10,-1469,-1469,-1469,-1469,1,1,1,16
3,11,59,11,-6492,-6492,-6492,-6492,1,1,1,16
3,11,59,12,-4041,-4041,-4041,-4041,1,1,1,16
3,11,59,13,-1098,-1098,-1098,-1098,1,1,1,16
3,11,59,14,4109,4109,4109,4109,1,1,1,16
3,11,59,15,941,941,941,941,1,1,1,16
3,11,59,16,175,175,175,175,1,1,1,16
3,11,59,17,-2690,-2690,-2690,-2690,1,1,1,16
4,1,65,0,772,772,772,772,1,1,1,16
4,1,65,1,-1635,-1635,-1635,-1635,1,1,1,16
4,1,65,2,602,602,602,602,1,1,1,16
4,1,65,3,-1433,-1433,-1433,-1433,1,1,1,16
4,1,65,4,999,999,999,999,1,1,1,16
4,1,65,5,-235,-235,-235,-235,1,1,1,16
4,1,65,6,-4809,-4809,-4809,-4809,1,1,1,16
4,1,65,7,-783,-783,-783,-783,1,1,1,16
4,1,65,8,4220,4220,4220,4220,1,1,1,16
4,1,65,9,-12693,-12693,-12693,-12693,1,1,1,16
4,1,65,10,3453,3453,3453,3453,1,1,1,16
4,1,65,11,3396,3396,3396,3396,1,1,1,16
4,1,65,12,-114,-114,-114,-114,1,1,1,16
4,1,65,13,-4783,-4783,-4783,-4783,1,1,1,16
4,1,65,14,1704,1704,1704,1704,1,1,1,16
4,1,65,15,-7254,-7254,-7254,-7254,1,1,1,16
4,1,65,16,-1210,-1210,-1210,-1210,1,1,1,16
4,1,65,17,-895,-895,-895,-895,1,1,1,16
5,2,82,0,-1200,-1200,-1200,-1200,1,1,1,16
5,2,82,1,738,738,738,738,1,1,1,16
5,2,82,2,1499,1499,1499,1499,1,1,1,16
5,2,82,3,921,921,921,921,1,1,1,16
5,2,82,4,1143,1143,1143,1143,1,1,1,16
5,2,82,5,-2932,-2932,-2932,-2932,1,1,1,16
5,2,82,6,3370,3370,3370,3370,1,1,1,16
5,2,82,7,-13,-13,-13,-13,1,1,1,16
5,2,82,8,-679,-679,-679,-679,1,1,1,16
5,2,82,9,4700,4700,4700,4700,1,1,1,16
5,2,82,10,1816,1816,1816,1816,1,1,1,16
5,2,82,11,3379,3379,3379,3379,1,1,1,16
5,2,82,12,467,467,467,467,1,1,1,16
5,2,82,13,2903,2903,2903,2903,1,1,1,16
5,2,82,14,12502,12502,12502,12502,1,1,1,16
5,2,82,15,2198,2198,2198,2198,1,1,1,16
5,2,82,16,1978,1978,1978,1978,1,1,1,16
5,2,82,17,-2666,-2666,-2666,-2666,1,1,1,16
5,13,93,0,-7498,-7498,-7498,-7498,1,1,1,16
5,13,93,1,3141,3141,3141,3141,1,1,1,16
5,13,93,2,701,701,701,701,1,1,1,16
5,13,93,3,1838,1838,1838,1838,1,1,1,16
5,13,93,4,1395,1395,1395,1395,1,1,1,16
5,13,93,5,-1754,-1754,-1754,-1754,1,1,1,16
5,13,93,6,-460,-460,-460,-460,1,1,1,16
5,13,93,7,-1224,-1224,-1224,-1224,1,1,1,16
5,13,93,8,-2589,-2589,-2589,-2589,1,1,1,16
5,13,93,9,-3697,-3697,-3697,-3697,1,1,1,16
5,13,93,10,-795,-795,-795,-795,1,1,1,16
5,13,93,11,-7,-7,-7,-7,1,1,1,16
5,13,93,12,-504,-504,-504,-504,1,1,1,16
5,13,93,13,1851,1851,1851,1851,1,1,1,16
5,13,93,14,6067,6067,6067,6067,1,1,1,16
5,13,93,15,3254,3254,3254,3254,1,1,1,16
5,13,93,16,1899,1899,1899,1899,1,1,1,16
5,13,93,17,-2623,-2623,-2623,-2623,1,1,1,16
5,14,94,0,-3733,-3733,-3733,-3733,1,1,1,16
5,14,94,1,1781,1781,1781,1781,1,1,1,16
5,14,94,2,1290,1290,1290,1290,1,1,1,16
5,14,94,3,1053,1053,1053,1053,1,1,1,16
5,14,94,4,-595,-595,-595,-595,1,1,1,16
5,14,94,5,1041,1041,1041,1041,1,1,1,16
5,14,94,6,2951,2951,2951,2951,1,1,1,16
5,14,94,7,3454,3454,3454,3454,1,1,1,16
5,14,94,8,-360,-360,-360,-360,1,1,1,16
5,14,94,9,-436,-436,-436,-436,1,1,1,16
5,14,94,10,-196,-196,-196,-196,1,1,1,16
5,14,94,11,10756,10756,10756,10756,1,1,1,16
5,14,94,12,-37,-37,-37,-37,1,1,1,16
5,14,94,13,2945,2945,2945,2945,1,1,1,16
5,14,94,14,3550,3550,3550,3550,1,1,1,16
5,14,94,15,5851,5851,5851,5851,1,1,1,16
5,14,94,16,2199,2199,2199,2199,1,1,1,16
5,14,94,17,671,671,671,671,1,1,1,16
6,3,99,0,3977,3977,3977,3977,1,1,1,16
6,3,99,1,-29,-29,-29,-29,1,1,1,16
6,3,99,2,-400,-400,-400,-400,1,1,1,16
6,3,99,3,-13,-13,-13,-13,1,1,1,16
6,3,99,4,-154,-154,-154,-154,1,1,1,16
6,3,99,5,-1081,-1081,-1081,-1081,1,1,1,16
6,3,99,6,-1726,-1726,-1726,-1726,1,1,1,16
6,3,99,7,-1443,-1443,-1443,-1443,1,1,1,16
6,3,99,8,-3585,-3585,-3585,-3585,1,1,1,16
6,3,99,9,-1752,-1752,-1752,-1752,1,1,1,16
6,3,99,10,1928,1928,1928,1928,1,1,1,16
6,3,99,11,-9769,-9769,-9769,-9769,1,1,1,16
6,3,99,12,1368,1368,1368,1368,1,1,1,16
6,3,99,13,2859,2859,2859,2859,1,1,1,16
6,3,99,14,8406,8406,8406,8406,1,1,1,16
6,3,99,15,840,840,840,840,1,1,1,16
6,3,99,16,-299,-299,-299,-299,1,1,1,16
6,3,99,17,-4611,-4611,-4611,-4611,1,1,1,16
6,6,102,0,2092,2092,2092,2092,1,1,1,16
6,6,102,1,-2283,-2283,-2283,-2283,1,1,1,16
6,6,102,2,-652,-652,-652,-652,1,1,1,16
6,6,102,3,-1551,-1551,-1551,-1551,1,1,1,16
6,6,102,4,-74,-74,-74,-74,1,1,1,16
6,6,102,5,-3073,-3073,-3073,-3073,1,1,1,16
6,6,102,6,-1455,-1455,-1455,-1455,1,1,1,16
6,6,102,7,-5630,-5630,-5630,-5630,1,1,1,16
6,6,102,8,-4327,-4327,-4327,-4327,1,1,1,16
6,6,102,9,-85,-85,-85,-85,1,1,1,16
6,6,102,10,1323,1323,1323,1323,1,1,1,16
6,6,102,11,-10881,-10881,-10881,-10881,1,1,1,16
6,6,102,12,1387,1387,1387,1387,1,1,1,16
6,6,102,13,-1297,-1297,-1297,-1297,1,1,1,16
6,6,102,14,-5049,-5049,-5049,-5049,1,1,1,16
6,6,102,15,-4703,-4703,-4703,-4703,1,1,1,16
6,6,102,16,-2040,-2040,-2040,-2040,1,1,1,16
6,6,102,17,-1510,-1510,-1510,-1510,1,1,1,16
6,7,103,0,-3737,-3737,-3737,-3737,1,1,1,16
6,7,103,1,-2351,-2351,-2351,-2351,1,1,1,16
6,7,103,2,41,41,41,41,1,1,1,16
6,7,103,3,-17,-17,-17,-17,1,1,1,16
6,7,103,4,389,389,389,389,1,1,1,16
6,7,103,5,1555,1555,1555,1555,1,1,1,16
6,7,103,6,-2760,-2760,-2760,-2760,1,1,1,16
6,7,103,7,-29,-29,-29,-29,1,1,1,16
6,7,103,8,2349,2349,2349,2349,1,1,1,16
6,7,103,9,-11659,-11659,-11659,-11659,1,1,1,16
6,7,103,10,5316,5316,5316,5316,1,1,1,16
6,7,103,11,193,193,193,193,1,1,1,16
6,7,103,12,870,870,870,870,1,1,1,16
6,7,103,13,-3781,-3781,-3781,-3781,1,1,1,16
6,7,103,14,-15318,-15318,-15318,-15318,1,1,1,16
6,7,103,15,-443,-443,-443,-443,1,1,1,16
6,7,103,16,-2465,-2465,-2465,-2465,1,1,1,16
6,7,103,17,2011,2011,2011,2011,1,1,1,16
6,10,106,0,9274,9274,9274,9274,1,1,1,16
6,10,106,1,-1930,-1930,-1930,-1930,1,1,1,16
6,10,106,2,-1127,-1127,-1127,-1127,1,1,1,16
6,10,106,3,-751,-751,-751,-751,1,1,1,16
6,10,106,4,662,662,662,662,1,1,1,16
6,10,106,5,3025,3025,3025,3025,1,1,1,16
6,10,106,6,-6,-6,-6,-6,1,1,1,16
6,10,106,7,-2782,-2782,-2782,-2782,1,1,1,16
6,10,106,8,543,543,543,543,1,1,1,16
6,10,106,9,-4486,-4486,-4486,-4486,1,1,1,16
6,10,106,10,3466,3466,3466,3466,1,1,1,16
6,10,106,11,-6724,-6724,-6724,-6724,1,1,1,16
6,10,106,12,-990,-990,-990,-990,1,1,1,16
6,10,106,13,-3058,-3058,-3058,-3058,1,1,1,16
6,10,106,14,-16426,-16426,-16426,-16426,1,1,1,16
6,10,106,15,-3637,-3637,-3637,-3637,1,1,1,16
6,10,106,16,-2249,-2249,-2249,-2249,1,1,1,16
6,10,106,17,-229,-229,-229,-229,1,1,1,16
7,7,119,0,-7790,-7790,-7790,-7790,1,1,1,16
7,7,119,1,2154,2154,2154,2154,1,1,1,16
7,7,119,2,-105,-105,-105,-105,1,1,1,16
7,7,119,3,1399,1399,1399,1399,1,1,1,16
7,7,119,4,-591,-591,-591,-591,1,1,1,16
7,7,119,5,998,998,998,998,1,1,1,16
7,7,119,6,-3070,-3070,-3070,-3070,1,1,1,16
7,7,119,7,-722,-722,-722,-722,1,1,1,16
7,7,119,8,4047,4047,4047,4047,1,1,1,16
7,7,119,9,10853,10853,10853,10853,1,1,1,16
7,7,119,10,-124,-124,-124,-124,1,1,1,16
7,7,119,11,8511,8511,8511,8511,1,1,1,16
7,7,119,12,1286,1286,1286,1286,1,1,1,16
7,7,119,13,333,333,333,333,1,1,1,16
7,7,119,14,13888,13888,13888,13888,1,1,1,16
7,7,119,15,3610,3610,3610,3610,1,1,1,16
7,7,119,16,-2675,-2675,-2675,-2675,1,1,1,16
7,7,119,17,3992,3992,3992,3992,1,1,1,16
7,10,122,0,5076,5076,5076,5076,1,1,1,16
7,10,122,1,100,100,100,100,1,1,1,16
7,10,122,2,379,379,379,379,1,1,1,16
7,10,122,3,-25,-25,-25,-25,1,1,1,16
7,10,122,4,2501,2501,2501,2501,1,1,1,16
7,10,122,5,578,578,578,578,1,1,1,16
7,10,122,6,-1870,-1870,-1870,-1870,1,1,1,16
7,10,122,7,-6949,-6949,-6949,-6949,1,1,1,16
7,10,122,8,987,987,987,987,1,1,1,16
7,10,122,9,-5788,-5788,-5788,-5788,1,1,1,16
7,10,122,10,-1096,-1096,-1096,-1096,1,1,1,16
7,10,122,11,-4519,-4519,-4519,-4519,1,1,1,16
7,10,122,12,-2727,-2727,-2727,-2727,1,1,1,16
7,10,122,13,-1654,-1654,-1654,-1654,1,1,1,16
7,10,122,14,-5087,-5087,-5087,-5087,1,1,1,16
7,10,122,15,103,103,103,103,1,1,1,16
7,10,122,16,-2625,-2625,-2625,-2625,1,1,1,16
7,10,122,17,-3233,-3233,-3233,-3233,1,1,1,16
8,3,131,0,-2895,-2895,-2895,-2895,1,1,1,16
8,3,131,1,1148,1148,1148,1148,1,1,1,16
8,3,131,2,-826,-826,-826,-826,1,1,1,16
8,3,131,3,-27,-27,-27,-27,1,1,1,16
8,3,131,4,-1313,-1313,-1313,-1313,1,1,1,16
8,3,131,5,-32,-32,-32,-32,1,1,1,16
8,3,131,6,3330,3330,3330,3330,1,1,1,16
8,3,131,7,1827,1827,1827,1827,1,1,1,16
8,3,131,8,-2295,-2295,-2295,-2295,1,1,1,16
8,3,131,9,-12333,-12333,-12333,-12333,1,1,1,16
8,3,131,10,-3850,-3850,-3850,-3850,1,1,1,16
8,3,131,11,6758,6758,6758,6758,1,1,1,16
8,3,131,12,-5635,-5635,-5635,-5635,1,1,1,16
8,3,131,13,2458,2458,2458,2458,1,1,1,16
8,3,131,14,19264,19264,19264,19264,1,1,1,16
8,3,131,15,2516,2516,2516,2516,1,1,1,16
8,3,131,16,-1256,-1256,-1256,-1256,1,1,1,16
8,3,131,17,204,204,204,204,1,1,1,16
8,15,143,0,4163,4163,4163,4163,1,1,1,16
8,15,143,1,880,880,880,880,1,1,1,16
8,15,143,2,2733,2733,2733,2733,1,1,1,16
8,15,143,3,282,282,282,282,1,1,1,16
8,15,143,4,1332,1332,1332,1332,1,1,1,16
8,15,143,5,-1501,-1501,-1501,-1501,1,1,1,16
8,15,143,6,654,654,654,654,1,1,1,16
8,15,143,7,1779,1779,1779,1779,1,1,1,16
8,15,143,8,-1825,-1825,-1825,-1825,1,1,1,16
8,15,143,9,-2128,-2128,-2128,-2128,1,1,1,16
8,15,143,10,-1775,-1775,-1775,-1775,1,1,1,16
8,15,143,11,121,121,121,121,1,1,1,16
8,15,143,12,410,410,410,410,1,1,1,16
8,15,143,13,2040,2040,2040,2040,1,1,1,16
8,15,143,14,3547,3547,3547,3547,1,1,1,16
8,15,143,15,-159,-159,-159,-159,1,1,1,16
8,15,143,16,4852,4852,4852,4852,1,1,1,16
8,15,143,17,-3490,-3490,-3490,-3490,1,1,1,16
9,0,144,0,12220,12220,12220,12220,1,1,1,16
9,0,144,1,1494,1494,1494,1494,1,1,1,16
9,0,144,2,-730,-730,-730,-730,1,1,1,16
9,0,144,3,-1378,-1378,-1378,-1378,1,1,1,16
9,0,144,4,-1111,-1111,-1111,-1111,1,1,1,16
9,0,144,5,-525,-525,-525,-525,1,1,1,16
9,0,144,6,1008,1008,1008,1008,1,1,1,16
9,0,144,7,-2718,-2718,-2718,-2718,1,1,1,16
9,0,144,8,4779,4779,4779,4779,1,1,1,16
9,0,144,9,3664,3664,3664,3664,1,1,1,16
9,0,144,10,5899,5899,5899,5899,1,1,1,16
9,0,144,11,-609,-609,-609,-609,1,1,1,16
9,0,144,12,1005,1005,1005,1005,1,1,1,16
9,0,144,13,-1541,-1541,-1541,-1541,1,1,1,16
9,0,144,14,1006,1006,1006,1006,1,1,1,16
9,0,144,15,-1259,-1259,-1259,-1259,1,1,1,16
9,0,144,16,-27,-27,-27,-27,1,1,1,16
9,0,144,17,486,486,486,486,1,1,1,16
10,11,171,0,-1799,-1799,-1799,-1799,1,1,1,16
10,11,171,1,3281,3281,3281,3281,1,1,1,16
10,11,171,2,-366,-366,-366,-366,1,1,1,16
10,11,171,3,-2330,-2330,-2330,-2330,1,1,1,16
10,11,171,4,745,745,745,745,1,1,1,16
10,11,171,5,-27,-27,-27,-27,1,1,1,16
10,11,171,6,1473,1473,1473,1473,1,1,1,16
10,11,171,7,2701,2701,2701,2701,1,1,1,16
10,11,171,8,2831,2831,2831,2831,1,1,1,16
10,11,171,9,9751,9751,9751,9751,1,1,1,16
10,11,171,10,626,626,626,626,1,1,1,16
10,11,171,11,6308,6308,6308,6308,1,1,1,16
10,11,171,12,-3067,-3067,-3067,-3067,1,1,1,16
10,11,171,13,2971,2971,2971,2971,1,1,1,16
10,11,171,14,20612,20612,20612,20612,1,1,1,16
10,11,171,15,-1309,-1309,-1309,-1309,1,1,1,16
10,11,171,16,3348,3348,3348,3348,1,1,1,16
10,11,171,17,-1637,-1637,-1637,-1637,1,1,1,16
10,15,175,0,11384,11384,11384,11384,1,1,1,16
10,15,175,1,2964,2964,2964,2964,1,1,1,16
10,15,175,2,-952,-952,-952,-952,1,1,1,16
10,15,175,3,356,356,356,356,1,1,1,16
10,15,175,4,672,672,672,672,1,1,1,16
10,15,175,5,1199,1199,1199,1199,1,1,1,16
10,15,175,6,986,986,986,986,1,1,1,16
10,15,175,7,-59,-59,-59,-59,1,1,1,16
10,15,175,8,5124,5124,5124,5124,1,1,1,16
10,15,175,9,-4094,-4094,-4094,-4094,1,1,1,16
10,15,175,10,205,205,205,205,1,1,1,16
10,15,175,11,829,829,829,829,1,1,1,16
10,15,175,12,-533,-533,-533,-533,1,1,1,16
10,15,175,13,-989,-989,-989,-989,1,1,1,16
10,15,175,14,4610,4610,4610,4610,1,1,1,16
10,15,175,15,-2115,-2115,-2115,-2115,1,1,1,16
10,15,175,16,791,791,791,791,1,1,1,16
10,15,175,17,1907,1907,1907,1907,1,1,1,16
11,0,176,0,10711,10711,10711,10711,1,1,1,16
11,0,176,1,2957,2957,2957,2957,1,1,1,16
11,0,176,2,-1269,-1269,-1269,-1269,1,1,1,16
11,0,176,3,-147,-147,-147,-147,1,1,1,16
11,0,176,4,620,620,620,620,1,1,1,16
11,0,176,5,1110,1110,1110,1110,1,1,1,16
11,0,176,6,684,684,684,684,1,1,1,16
11,0,176,7,-571,-571,-571,-571,1,1,1,16
11,0,176,8,5658,5658,5658,5658,1,1,1,16
11,0,176,9,-7319,-7319,-7319,-7319,1,1,1,16
11,0,176,10,3761,3761,3761,3761,1,1,1,16
11,0,176,11,509,509,509,509,1,1,1,16
11,0,176,12,-2424,-2424,-2424,-2424,1,1,1,16
11,0,176,13,-2866,-2866,-2866,-2866,1,1,1,16
11,0,176,14,3519,3519,3519,3519,1,1,1,16
11,0,176,15,-5455,-5455,-5455,-5455,1,1,1,16
11,0,176,16,-1602,-1602,-1602,-1602,1,1,1,16
11,0,176,17,1536,1536,1536,1536,1,1,1,16
11,4,180,0,10187,10187,10187,10187,1,1,1,16
11,4,180,1,-4491,-4491,-4491,-4491,1,1,1,16
11,4,180,2,-932,-932,-932,-932,1,1,1,16
11,4,180,3,-1221,-1221,-1221,-1221,1,1,1,16
11,4,180,4,-532,-532,-532,-532,1,1,1,16
11,4,180,5,-1462,-1462,-1462,-1462,1,1,1,16
11,4,180,6,156,156,156,156,1,1,1,16
11,4,180,7,-3348,-3348,-3348,-3348,1,1,1,16
11,4,180,8,5376,5376,5376,5376,1,1,1,16
11,4,180,9,-7632,-7632,-7632,-7632,1,1,1,16
11,4,180,10,3952,3952,3952,3952,1,1,1,16
11,4,180,11,-1852,-1852,-1852,-1852,1,1,1,16
11,4,180,12,-5431,-5431,-5431,-5431,1,1,1,16
11,4,180,13,-4305,-4305,-4305,-4305,1,1,1,16
11,4,180,14,4837,4837,4837,4837,1,1,1,16
11,4,180,15,-8770,-8770,-8770,-8770,1,1,1,16
11,4,180,16,-5131,-5131,-5131,-5131,1,1,1,16
11,4,180,17,-23,-23,-23,-23,1,1,1,16
11,9,185,0,13649,13649,13649,13649,1,1,1,16
11,9,185,1,2167,2167,2167,2167,1,1,1,16
11,9,185,2,-1572,-1572,-1572,-1572,1,1,1,16
11,9,185,3,-1839,-1839,-1839,-1839,1,1,1,16
11,9,185,4,1348,1348,1348,1348,1,1,1,16
11,9,185,5,-60,-60,-60,-60,1,1,1,16
11,9,185,6,933,933,933,933,1,1,1,16
11,9,185,7,-2534,-2534,-2534,-2534,1,1,1,16
11,9,185,8,5633,5633,5633,5633,1,1,1,16
11,9,185,9,-3930,-3930,-3930,-3930,1,1,1,16
11,9,185,10,4563,4563,4563,4563,1,1,1,16
11,9,185,11,-1161,-1161,-1161,-1161,1,1,1,16
11,9,185,12,523,523,523,523,1,1,1,16
11,9,185,13,-4552,-4552,-4552,-4552,1,1,1,16
11,9,185,14,-2405,-2405,-2405,-2405,1,1,1,16
11,9,185,15,-7089,-7089,-7089,-7089,1,1,1,16
11,9,185,16,-356,-356,-356,-356,1,1,1,16
11,9,185,17,2160,2160,2160,2160,1,1,1,16
12,3,195,0,1920,1920,1920,1920,1,1,1,16
12,3,195,1,2711,2711,2711,2711,1,1,1,16
12,3,195,2,239,239,239,239,1,1,1,16
12,3,195,3,85,85,85,85,1,1,1,16
12,3,195,4,863,863,863,863,1,1,1,16
12,3,195,5,-40,-40,-40,-40,1,1,1,16
12,3,195,6,-1868,-1868,-1868,-1868,1,1,1,16
12,3,195,7,-6968,-6968,-6968,-6968,1,1,1,16
12,3,195,8,-7065,-7065,-7065,-7065,1,1,1,16
12,3,195,9,-6257,-6257,-6257,-6257,1,1,1,16
12,3,195,10,-5163,-5163,-5163,-5163,1,1,1,16
12,3,195,11,-4641,-4641,-4641,-4641,1,1,1,16
12,3,195,12,-4615,-4615,-4615,-4615,1,1,1,16
12,3,195,13,2786,2786,2786,2786,1,1,1,16
12,3,195,14,3056,3056,3056,3056,1,1,1,16
12,3,195,15,5366,5366,5366,5366,1,1,1,16
12,3,195,16,-2856,-2856,-2856,-2856,1,1,1,16
12,3,195,17,-1841,-1841,-1841,-1841,1,1,1,16
13,6,214,0,-3395,-3395,-3395,-3395,1,1,1,16
13,6,214,1,-1239,-1239,-1239,-1239,1,1,1,16
13,6,214,2,454,454,454,454,1,1,1,16
13,6,214,3,-1109,-1109,-1109,-1109,1,1,1,16
13,6,214,4,1102,1102,1102,1102,1,1,1,16
13,6,214,5,1619,1619,1619,1619,1,1,1,16
13,6,214,6,-5313,-5313,-5313,-5313,1,1,1,16
13,6,214,7,-9281,-9281,-9281,-9281,1,1,1,16
13,6,214,8,-1631,-1631,-1631,-1631,1,1,1,16
13,6,214,9,606,606,606,606,1,1,1,16
13,6,214,10,-25,-25,-25,-25,1,1,1,16
13,6,214,11,-3554,-3554,-3554,-3554,1,1,1,16
13,6,214,12,-1322,-1322,-1322,-1322,1,1,1,16
13,6,214,13,-2897,-2897,-2897,-2897,1,1,1,16
13,6,214,14,-11356,-11356,-11356,-11356,1,1,1,16
13,6,214,15,2608,2608,2608,2608,1,1,1,16
13,6,214,16,-2891,-2891,-2891,-2891,1,1,1,16
13,6,214,17,-485,-485,-485,-485,1,1,1,16
14,6,230,0,-399,-399,-399,-399,1,1,1,16
14,6,230,1,4213,4213,4213,4213,1,1,1,16
14,6,230,2,1021,1021,1021,1021,1,1,1,16
14,6,230,3,437,437,437,437,1,1,1,16
14,6,230,4,-2386,-2386,-2386,-2386,1,1,1,16
14,6,230,5,-117,-117,-117,-117,1,1,1,16
14,6,230,6,5505,5505,5505,5505,1,1,1,16
14,6,230,7,6481,6481,6481,6481,1,1,1,16
14,6,230,8,-2613,-2613,-2613,-2613,1,1,1,16
14,6,230,9,-300,-300,-300,-300,1,1,1,16
14,6,230,10,-2587,-2587,-2587,-2587,1,1,1,16
14,6,230,11,3712,3712,3712,3712,1,1,1,16
14,6,230,12,-943,-943,-943,-943,1,1,1,16
14,6,230,13,178,178,178,178,1,1,1,16
14,6,230,14,10800,10800,10800,10800,1,1,1,16
14,6,230,15,-1000,-1000,-1000,-1000,1,1,1,16
14,6,230,16,2953,2953,2953,2953,1,1,1,16
14,6,230,17,-1757,-1757,-1757,-1757,1,1,1,16
14,8,232,0,3255,3255,3255,3255,1,1,1,16
14,8,232,1,121,121,121,121,1,1,1,16
14,8,232,2,-26,-26,-26,-26,1,1,1,16
14,8,232,3,847,847,847,847,1,1,1,16
14,8,232,4,-349,-349,-349,-349,1,1,1,16
14,8,232,5,2125,2125,2125,2125,1,1,1,16
14,8,232,6,77,77,77,77,1,1,1,16
14,8,232,7,1055,1055,1055,1055,1,1,1,16
14,8,232,8,3973,3973,3973,3973,1,1,1,16
14,8,232,9,-3801,-3801,-3801,-3801,1,1,1,16
14,8,232,10,2471,2471,2471,2471,1,1,1,16
14,8,232,11,1341,1341,1341,1341,1,1,1,16
14,8,232,12,-1191,-1191,-1191,-1191,1,1,1,16
14,8,232,13,-1427,-1427,-1427,-1427,1,1,1,16
14,8,232,14,-6471,-6471,-6471,-6471,1,1,1,16
14,8,232,15,8037,8037,8037,8037,1,1,1,16
14,8,232,16,1897,1897,1897,1897,1,1,1,16
14,8,232,17,-171,-171,-171,-171,1,1,1,16
15,15,255,0,-8373,-8373,-8373,-8373,1,1,1,16
15,15,255,1,2715,2715,2715,2715,1,1,1,16
15,15,255,2,262,262,262,262,1,1,1,16
15,15,255,3,-464,-464,-464,-464,1,1,1,16
15,15,255,4,4254,4254,4254,4254,1,1,1,16
15,15,255,5,-2645,-2645,-2645,-2645,1,1,1,16
15,15,255,6,-386,-386,-386,-386,1,1,1,16
15,15,255,7,-6748,-6748,-6748,-6748,1,1,1,16
15,15,255,8,-1220,-1220,-1220,-1220,1,1,1,16
15,15,255,9,-7089,-7089,-7089,-7089,1,1,1,16
15,15,255,10,-3334,-3334,-3334,-3334,1,1,1,16
15,15,255,11,-3953,-3953,-3953,-3953,1,1,1,16
15,15,255,12,3094,3094,3094,3094,1,1,1,16
15,15,255,13,1932,1932,1932,1932,1,1,1,16
15,15,255,14,-8217,-8217,-8217,-8217,1,1,1,16
15,15,255,15,-26,-26,-26,-26,1,1,1,16
15,15,255,16,1596,1596,1596,1596,1,1,1,16
15,15,255,17,3983,3983,3983,3983,1,1,1,16
17,4,276,0,-148,-148,-148,-148,1,1,1,16
17,4,276,1,-2794,-2794,-2794,-2794,1,1,1,16
17,4,276,2,224,224,224,224,1,1,1,16
17,4,276,3,-520,-520,-520,-520,1,1,1,16
17,4,276,4,3001,3001,3001,3001,1,1,1,16
17,4,276,5,1670,1670,1670,1670,1,1,1,16
17,4,276,6,-145,-145,-145,-145,1,1,1,16
17,4,276,7,3293,3293,3293,3293,1,1,1,16
17,4,276,8,6349,6349,6349,6349,1,1,1,16
17,4,276,9,9848,9848,9848,9848,1,1,1,16
17,4,276,10,5961,5961,5961,5961,1,1,1,16
17,4,276,11,7879,7879,7879,7879,1,1,1,16
17,4,276,12,1916,1916,1916,1916,1,1,1,16
17,4,276,13,-1828,-1828,-1828,-1828,1,1,1,16
17,4,276,14,8788,8788,8788,8788,1,1,1,16
17,4,276,15,-1749,-1749,-1749,-1749,1,1,1,16
17,4,276,16,-2241,-2241,-2241,-2241,1,1,1,16
17,4,276,17,-32,-32,-32,-32,1,1,1,16
17,10,282,0,-8816,-8816,-8816,-8816,1,1,1,16
17,10,282,1,-12,-12,-12,-12,1,1,1,16
17,10,282,2,-1375,-1375,-1375,-1375,1,1,1,16
17,10,282,3,673,673,673,673,1,1,1,16
17,10,282,4,1930,1930,1930,1930,1,1,1,16
17,10,282,5,3273,3273,3273,3273,1,1,1,16
17,10,282,6,3078,3078,3078,3078,1,1,1,16
17,10,282,7,7100,7100,7100,7100,1,1,1,16
17,10,282,8,2719,2719,2719,2719,1,1,1,16
17,10,282,9,5755,5755,5755,5755,1,1,1,16
17,10,282,10,4115,4115,4115,4115,1,1,1,16
17,10,282,11,5687,5687,5687,5687,1,1,1,16
17,10,282,12,-5163,-5163,-5163,-5163,1,1,1,16
17,10,282,13,-836,-836,-836,-836,1,1,1,16
17,10,282,14,13000,13000,13000,13000,1,1,1,16
17,10,282,15,7607,7607,7607,7607,1,1,1,16
17,10,282,16,-1770,-1770,-1770,-1770,1,1,1,16
17,10,282,17,2202,2202,2202,2202,1,1,1,16
18,9,297,0,-3198,-3198,-3198,-3198,1,1,1,16
18,9,297,1,-285,-285,-285,-285,1,1,1,16
18,9,297,2,-349,-349,-349,-349,1,1,1,16
18,9,297,3,454,454,454,454,1,1,1,16
18,9,297,4,-1394,-1394,-1394,-1394,1,1,1,16
18,9,297,5,-756,-756,-756,-756,1,1,1,16
18,9,297,6,1994,1994,1994,1994,1,1,1,16
18,9,297,7,4007,4007,4007,4007,1,1,1,16
18,9,297,8,1270,1270,1270,1270,1,1,1,16
18,9,297,9,-5034,-5034,-5034,-5034,1,1,1,16
18,9,297,10,-48,-48,-48,-48,1,1,1,16
18,9,297,11,1291,1291,1291,1291,1,1,1,16
18,9,297,12,2612,2612,2612,2612,1,1,1,16
18,9,297,13,-1509,-1509,-1509,-1509,1,1,1,16
18,9,297,14,-5268,-5268,-5268,-5268,1,1,1,16
18,9,297,15,-93,-93,-93,-93,1,1,1,16
18,9,297,16,927,927,927,927,1,1,1,16
18,9,297,17,893,893,893,893,1,1,1,16
18,12,300,0,-12290,-12290,-12290,-12290,1,1,1,16
18,12,300,1,-73,-73,-73,-73,1,1,1,16
18,12,300,2,1215,1215,1215,1215,1,1,1,16
18,12,300,3,-17,-17,-17,-17,1,1,1,16
18,12,300,4,-115,-115,-115,-115,1,1,1,16
18,12,300,5,-360,-360,-360,-360,1,1,1,16
18,12,300,6,821,821,821,821,1,1,1,16
18,12,300,7,423,423,423,423,1,1,1,16
18,12,300,8,759,759,759,759,1,1,1,16
18,12,300,9,908,908,908,908,1,1,1,16
18,12,300,10,2477,2477,2477,2477,1,1,1,16
18,12,300,11,-2912,-2912,-2912,-2912,1,1,1,16
18,12,300,12,3402,3402,3402,3402,1,1,1,16
18,12,300,13,169,169,169,169,1,1,1,16
18,12,300,14,-12315,-12315,-12315,-12315,1,1,1,16
18,12,300,15,5395,5395,5395,5395,1,1,1,16
18,12,300,16,-1779,-1779,-1779,-1779,1,1,1,16
18,12,300,17,1017,1017,1017,1017,1,1,1,16
20,12,332,0,2802,2802,2802,2802,1,1,1,16
20,12,332,1,-2864,-2864,-2864,-2864,1,1,1,16
20,12,332,2,-509,-509,-509,-509,1,1,1,16
20,12,332,3,235,235,235,235,1,1,1,16
20,12,332,4,-3234,-3234,-3234,-3234,1,1,1,16
20,12,332,5,-79,-79,-79,-79,1,1,1,16
20,12,332,6,-1271,-1271,-1271,-1271,1,1,1,16
20,12,332,7,-3438,-3438,-3438,-3438,1,1,1,16
20,12,332,8,-351,-351,-351,-351,1,1,1,16
20,12,332,9,-11270,-11270,-11270,-11270,1,1,1,16
20,12,332,10,8102,8102,8102,8102,1,1,1,16
20,12,332,11,4879,4879,4879,4879,1,1,1,16
20,12,332,12,126,126,126,126,1,1,1,16
20,12,332,13,59,59,59,59,1,1,1,16
20,12,332,14,-7167,-7167,-7167,-7167,1,1,1,16
20,12,332,15,6738,6738,6738,6738,1,1,1,16
20,12,332,16,-2648,-2648,-2648,-2648,1,1,1,16
20,12,332,17,677,677,677,677,1,1,1,16
21,1,337,0,1480,1480,1480,1480,1,1,1,16
21,1,337,1,1231,1231,1231,1231,1,1,1,16
21,1,337,2,645,645,645,645,1,1,1,16
21,1,337,3,1276,1276,1276,1276,1,1,1,16
21,1,337,4,923,923,923,923,1,1,1,16
21,1,337,5,282,282,282,282,1,1,1,16
21,1,337,6,-520,-520,-520,-520,1,1,1,16
21,1,337,7,4461,4461,4461,4461,1,1,1,16
21,1,337,8,-21,-21,-21,-21,1,1,1,16
21,1,337,9,8886,8886,8886,8886,1,1,1,16
21,1,337,10,-2542,-2542,-2542,-2542,1,1,1,16
21,1,337,11,-302,-302,-302,-302,1,1,1,16
21,1,337,12,1001,1001,1001,1001,1,1,1,16
21,1,337,13,2720,2720,2720,2720,1,1,1,16
21,1,337,14,15741,15741,15741,15741,1,1,1,16
21,1,337,15,2507,2507,2507,2507,1,1,1,16
21,1,337,16,489,489,489,489,1,1,1,16
21,1,337,17,-483,-483,-483,-483,1,1,1,16
21,8,344,0,-5529,-5529,-5529,-5529,1,1,1,16
21,8,344,1,-1327,-1327,-1327,-1327,1,1,1,16
21,8,344,2,-927,-927,-927,-927,1,1,1,16
21,8,344,3,-1757,-1757,-1757,-1757,1,1,1,16
21,8,344,4,2824,2824,2824,2824,1,1,1,16
21,8,344,5,3034,3034,3034,3034,1,1,1,16
21,8,344,6,-713,-713,-713,-713,1,1,1,16
21,8,344,7,-3271,-3271,-3271,-3271,1,1,1,16
21,8,344,8,-62,-62,-62,-62,1,1,1,16
21,8,344,9,-12497,-12497,-12497,-12497,1,1,1,16
21,8,344,10,853,853,853,853,1,1,1,16
21,8,344,11,6592,6592,6592,6592,1,1,1,16
21,8,344,12,-4474,-4474,-4474,-4474,1,1,1,16
21,8,344,13,-939,-939,-939,-939,1,1,1,16
21,8,344,14,-9419,-9419,-9419,-9419,1,1,1,16
21,8,344,15,-1232,-1232,-1232,-1232,1,1,1,16
21,8,344,16,-1640,-1640,-1640,-1640,1,1,1,16
21,8,344,17,3413,3413,3413,3413,1,1,1,16
22,4,356,0,-2471,-2471,-2471,-2471,1,1,1,16
22,4,356,1,-1932,-1932,-1932,-1932,1,1,1,16
22,4,356,2,-794,-794,-794,-794,1,1,1,16
22,4,356,3,-87,-87,-87,-87,1,1,1,16
22,4,356,4,1183,1183,1183,1183,1,1,1,16
22,4,356,5,-913,-913,-913,-913,1,1,1,16
22,4,356,6,1935,1935,1935,1935,1,1,1,16
22,4,356,7,-350,-350,-350,-350,1,1,1,16
22,4,356,8,215,215,215,215,1,1,1,16
22,4,356,9,1260,1260,1260,1260,1,1,1,16
22,4,356,10,2755,2755,2755,2755,1,1,1,16
22,4,356,11,911,911,911,911,1,1,1,16
22,4,356,12,1941,1941,1941,1941,1,1,1,16
22,4,356,13,-3050,-3050,-3050,-3050,1,1,1,16
22,4,356,14,-159,-159,-159,-159,1,1,1,16
22,4,356,15,6890,6890,6890,6890,1,1,1,16
22,4,356,16,-1330,-1330,-1330,-1330,1,1,1,16
22,4,356,17,2372,2372,2372,2372,1,1,1,16
22,11,363,0,1141,1141,1141,1141,1,1,1,16
22,11,363,1,-513,-513,-513,-513,1,1,1,16
22,11,363,2,548,548,548,548,1,1,1,16
22,11,363,3,-71,-71,-71,-71,1,1,1,16
22,11,363,4,2301,2301,2301,2301,1,1,1,16
22,11,363,5,1818,1818,1818,1818,1,1,1,16
22,11,363,6,3557,3557,3557,3557,1,1,1,16
22,11,363,7,4447,4447,4447,4447,1,1,1,16
22,11,363,8,-2369,-2369,-2369,-2369,1,1,1,16
22,11,363,9,1700,1700,1700,1700,1,1,1,16
22,11,363,10,-1850,-1850,-1850,-1850,1,1,1,16
22,11,363,11,3022,3022,3022,3022,1,1,1,16
22,11,363,12,-1293,-1293,-1293,-1293,1,1,1,16
22,11,363,13,-809,-809,-809,-809,1,1,1,16
22,11,363,14,7560,7560,7560,7560,1,1,1,16
22,11,363,15,14946,14946,14946,14946,1,1,1,16
22,11,363,16,3278,3278,3278,3278,1,1,1,16
22,11,363,17,2086,2086,2086,2086,1,1,1,16
23,13,381,0,11752,11752,11752,11752,1,1,1,16
23,13,381,1,2651,2651,2651,2651,1,1,1,16
23,13,381,2,162,162,162,162,1,1,1,16
23,13,381,3,-1932,-1932,-1932,-1932,1,1,1,16
23,13,381,4,-1334,-1334,-1334,-1334,1,1,1,16
23,13,381,5,1836,1836,1836,1836,1,1,1,16
23,13,381,6,-3225,-3225,-3225,-3225,1,1,1,16
23,13,381,7,-43,-43,-43,-43,1,1,1,16
23,13,381,8,-4080,-4080,-4080,-4080,1,1,1,16
23,13,381,9,-10686,-10686,-10686,-10686,1,1,1,16
23,13,381,10,-6847,-6847,-6847,-6847,1,1,1,16
23,13,381,11,-10389,-10389,-10389,-10389,1,1,1,16
23,13,381,12,-673,-673,-673,-673,1,1,1,16
23,13,381,13,-3508,-3508,-3508,-3508,1,1,1,16
23,13,381,14,-16754,-16754,-16754,-16754,1,1,1,16
23,13,381,15,-3792,-3792,-3792,-3792,1,1,1,16
23,13,381,16,1262,1262,1262,1262,1,1,1,16
23,13,381,17,-2995,-2995,-2995,-2995,1,1,1,16
24,1,385,0,-3924,-3924,-3924,-3924,1,1,1,16
24,1,385,1,125,125,125,125,1,1,1,16
24,1,385,2,170,170,170,170,1,1,1,16
24,1,385,3,-1947,-1947,-1947,-1947,1,1,1,16
24,1,385,4,2049,2049,2049,2049,1,1,1,16
24,1,385,5,-446,-446,-446,-446,1,1,1,16
24,1,385,6,2983,2983,2983,2983,1,1,1,16
24,1,385,7,-3820,-3820,-3820,-3820,1,1,1,16
24,1,385,8,2877,2877,2877,2877,1,1,1,16
24,1,385,9,1971,1971,1971,1971,1,1,1,16
24,1,385,10,-212,-212,-212,-212,1,1,1,16
24,1,385,11,-5017,-5017,-5017,-5017,1,1,1,16
24,1,385,12,2260,2260,2260,2260,1,1,1,16
24,1,385,13,-1605,-1605,-1605,-1605,1,1,1,16
24,1,385,14,-9889,-9889,-9889,-9889,1,1,1,16
24,1,385,15,1235,1235,1235,1235,1,1,1,16
24,1,385,16,-3851,-3851,-3851,-3851,1,1,1,16
24,1,385,17,-1339,-1339,-1339,-1339,1,1,1,16
25,2,402,0,-2397,-2397,-2397,-2397,1,1,1,16
25,2,402,1,-3190,-3190,-3190,-3190,1,1,1,16
25,2,402,2,946,946,946,946,1,1,1,16
25,2,402,3,-2517,-2517,-2517,-2517,1,1,1,16
25,2,402,4,1311,1311,1311,1311,1,1,1,16
25,2,402,5,2004,2004,2004,2004,1,1,1,16
25,2,402,6,-52,-52,-52,-52,1,1,1,16
25,2,402,7,2341,2341,2341,2341,1,1,1,16
25,2,402,8,2223,2223,2223,2223,1,1,1,16
25,2,402,9,12521,12521,12521,12521,1,1,1,16
25,2,402,10,3776,3776,3776,3776,1,1,1,16
25,2,402,11,5873,5873,5873,5873,1,1,1,16
25,2,402,12,-2969,-2969,-2969,-2969,1,1,1,16
25,2,402,13,-1873,-1873,-1873,-1873,1,1,1,16
25,2,402,14,5702,5702,5702,5702,1,1,1,16
25,2,402,15,3540,3540,3540,3540,1,1,1,16
25,2,402,16,1020,1020,1020,1020,1,1,1,16
25,2,402,17,4053,4053,4053,4053,1,1,1,16
25,11,411,0,641,641,641,641,1,1,1,16
25,11,411,1,-2135,-2135,-2135,-2135,1,1,1,16
25,11,411,2,-58,-58,-58,-58,1,1,1,16
25,11,411,3,-1225,-1225,-1225,-1225,1,1,1,16
25,11,411,4,2566,2566,2566,2566,1,1,1,16
25,11,411,5,908,908,908,908,1,1,1,16
25,11,411,6,-1552,-1552,-1552,-1552,1,1,1,16
25,11,411,7,-7944,-7944,-7944,-7944,1,1,1,16
25,11,411,8,-4227,-4227,-4227,-4227,1,1,1,16
25,11,411,9,-10129,-10129,-10129,-10129,1,1,1,16
25,11,411,10,-4163,-4163,-4163,-4163,1,1,1,16
25,11,411,11,-4582,-4582,-4582,-4582,1,1,1,16
25,11,411,12,-2289,-2289,-2289,-2289,1,1,1,16
25,11,411,13,-1527,-1527,-1527,-1527,1,1,1,16
25,11,411,14,-20428,-20428,-20428,-20428,1,1,1,16
25,11,411,15,-8580,-8580,-8580,-8580,1,1,1,16
25,11,411,16,16,16,16,16,1,1,1,16
25,11,411,17,-1183,-1183,-1183,-1183,1,1,1,16
25,13,413,0,-3536,-3536,-3536,-3536,1,1,1,16
25,13,413,1,2555,2555,2555,2555,1,1,1,16
25,13,413,2,-1788,-1788,-1788,-1788,1,1,1,16
25,13,413,3,-580,-580,-580,-580,1,1,1,16
25,13,413,4,-2190,-2190,-2190,-2190,1,1,1,16
25,13,413,5,-1371,-1371,-1371,-1371,1,1,1,16
25,13,413,6,-775,-775,-775,-775,1,1,1,16
25,13,413,7,-420,-420,-420,-420,1,1,1,16
25,13,413,8,2864,2864,2864,2864,1,1,1,16
25,13,413,9,3574,3574,3574,3574,1,1,1,16
25,13,413,10,-7424,-7424,-7424,-7424,1,1,1,16
25,13,413,11,380,380,380,380,1,1,1,16
25,13,413,12,3411,3411,3411,3411,1,1,1,16
25,13,413,13,-97,-97,-97,-97,1,1,1,16
25,13,413,14,9001,9001,9001,9001,1,1,1,16
25,13,413,15,-42,-42,-42,-42,1,1,1,16
25,13,413,16,3984,3984,3984,3984,1,1,1,16
25,13,413,17,-285,-285,-285,-285,1,1,1,16
26,11,427,0,-9949,-9949,-9949,-9949,1,1,1,16
26,11,427,1,722,722,722,722,1,1,1,16
26,11,427,2,-864,-864,-864,-864,1,1,1,16
26,11,427,3,-360,-360,-360,-360,1,1,1,16
26,11,427,4,226,226,226,226,1,1,1,16
26,11,427,5,-970,-970,-970,-970,1,1,1,16
26,11,427,6,-4,-4,-4,-4,1,1,1,16
26,11,427,7,7447,7447,7447,7447,1,1,1,16
26,11,427,8,5998,5998,5998,5998,1,1,1,16
26,11,427,9,9890,9890,9890,9890,1,1,1,16
26,11,427,10,2956,2956,2956,2956,1,1,1,16
26,11,427,11,9311,9311,9311,9311,1,1,1,16
26,11,427,12,1363,1363,1363,1363,1,1,1,16
26,11,427,13,722,722,722,722,1,1,1,16
26,11,427,14,19307,19307,19307,19307,1,1,1,16
26,11,427,15,9768,9768,9768,9768,1,1,1,16
26,11,427,16,3683,3683,3683,3683,1,1,1,16
26,11,427,17,626,626,626,626,1,1,1,16
27,15,447,0,12869,12869,12869,12869,1,1,1,16
27,15,447,1,-3958,-3958,-3958,-3958,1,1,1,16
27,15,447,2,2310,2310,2310,2310,1,1,1,16
27,15,447,3,-535,-535,-535,-535,1,1,1,16
27,15,447,4,-36,-36,-36,-36,1,1,1,16
27,15,447,5,2620,2620,2620,2620,1,1,1,16
27,15,447,6,-1771,-1771,-1771,-1771,1,1,1,16
27,15,447,7,4093,4093,4093,4093,1,1,1,16
27,15,447,8,-4752,-4752,-4752,-4752,1,1,1,16
27,15,447,9,-3853,-3853,-3853,-3853,1,1,1,16
27,15,447,10,-3708,-3708,-3708,-3708,1,1,1,16
27,15,447,11,2444,2444,2444,2444,1,1,1,16
27,15,447,12,-2671,-2671,-2671,-2671,1,1,1,16
27,15,447,13,-2350,-2350,-2350,-2350,1,1,1,16
27,15,447,14,2366,2366,2366,2366,1,1,1,16
27,15,447,15,-2738,-2738,-2738,-2738,1,1,1,16
27,15,447,16,-2046,-2046,-2046,-2046,1,1,1,16
27,15,447,17,-2838,-2838,-2838,-2838,1,1,1,16
28,9,457,0,8647,8647,8647,8647,1,1,1,16
28,9,457,1,-1385,-1385,-1385,-1385,1,1,1,16
28,9,457,2,1200,1200,1200,1200,1,1,1,16
28,9,457,3,-313,-313,-313,-313,1,1,1,16
28,9,457,4,-272,-272,-272,-272,1,1,1,16
28,9,457,5,1698,1698,1698,1698,1,1,1,16
28,9,457,6,-72,-72,-72,-72,1,1,1,16
28,9,457,7,-6267,-6267,-6267,-6267,1,1,1,16
28,9,457,8,-4218,-4218,-4218,-4218,1,1,1,16
28,9,457,9,-1194,-1194,-1194,-1194,1,1,1,16
28,9,457,10,-5552,-5552,-5552,-5552,1,1,1,16
28,9,457,11,-6721,-6721,-6721,-6721,1,1,1,16
28,9,457,12,1042,1042,1042,1042,1,1,1,16
28,9,457,13,1212,1212,1212,1212,1,1,1,16
28,9,457,14,-18332,-18332,-18332,-18332,1,1,1,16
28,9,457,15,-11033,-11033,-11033,-11033,1,1,1,16
28,9,457,16,695,695,695,695,1,1,1,16
28,9,457,17,-2474,-2474,-2474,-2474,1,1,1,16
30,0,480,0,-935,-935,-935,-935,1,1,1,16
30,0,480,1,5872,5872,5872,5872,1,1,1,16
30,0,480,2,-328,-328,-328,-328,1,1,1,16
30,0,480,3,1707,1707,1707,1707,1,1,1,16
30,0,480,4,-58,-58,-58,-58,1,1,1,16
30,0,480,5,519,519,519,519,1,1,1,16
30,0,480,6,2238,2238,2238,2238,1,1,1,16
30,0,480,7,3467,3467,3467,3467,1,1,1,16
30,0,480,8,2008,2008,2008,2008,1,1,1,16
30,0,480,9,1568,1568,1568,1568,1,1,1,16
30,0,480,10,-81,-81,-81,-81,1,1,1,16
30,0,480,11,9949,9949,9949,9949,1,1,1,16
30,0,480,12,-381,-381,-381,-381,1,1,1,16
30,0,480,13,3820,3820,3820,3820,1,1,1,16
30,0,480,14,15734,15734,15734,15734,1,1,1,16
30,0,480,15,10373,10373,10373,10373,1,1,1,16
30,0,480,16,237,237,237,237,1,1,1,16
30,0,480,17,-2287,-2287,-2287,-2287,1,1,1,16
31,6,502,0,-7863,-7863,-7863,-7863,1,1,1,16
31,6,502,1,-1215,-1215,-1215,-1215,1,1,1,16
31,6,502,2,1533,1533,1533,1533,1,1,1,16
31,6,502,3,-33,-33,-33,-33,1,1,1,16
31,6,502,4,3907,3907,3907,3907,1,1,1,16
31,6,502,5,1256,1256,1256,1256,1,1,1,16
31,6,502,6,1518,1518,1518,1518,1,1,1,16
31,6,502,7,-2144,-2144,-2144,-2144,1,1,1,16
31,6,502,8,-340,-340,-340,-340,1,1,1,16
31,6,502,9,5762,5762,5762,5762,1,1,1,16
31,6,502,10,521,521,521,521,1,1,1,16
31,6,502,11,2644,2644,2644,2644,1,1,1,16
31,6,502,12,3509,3509,3509,3509,1,1,1,16
31,6,502,13,1516,1516,1516,1516,1,1,1,16
31,6,502,14,-2611,-2611,-2611,-2611,1,1,1,16
31,6,502,15,3341,3341,3341,3341,1,1,1,16
31,6,502,16,2159,2159,2159,2159,1,1,1,16
31,6,502,17,1032,1032,1032,1032,1,1,1,16
31,14,510,0,-5981,-5981,-5981,-5981,1,1,1,16
31,14,510,1,-3663,-3663,-3663,-3663,1,1,1,16
31,14,510,2,286,286,286,286,1,1,1,16
31,14,510,3,-68,-68,-68,-68,1,1,1,16
31,14,510,4,3636,3636,3636,3636,1,1,1,16
31,14,510,5,1979,1979,1979,1979,1,1,1,16
31,14,510,6,-201,-201,-201,-201,1,1,1,16
31,14,510,7,-2526,-2526,-2526,-2526,1,1,1,16
31,14,510,8,-351,-351,-351,-351,1,1,1,16
31,14,510,9,4009,4009,4009,4009,1,1,1,16
31,14,510,10,-481,-481,-481,-481,1,1,1,16
31,14,510,11,2824,2824,2824,2824,1,1,1,16
31,14,510,12,-624,-624,-624,-624,1,1,1,16
31,14,510,13,1685,1685,1685,1685,1,1,1,16
31,14,510,14,-9657,-9657,-9657,-9657,1,1,1,16
31,14,510,15,-2202,-2202,-2202,-2202,1,1,1,16
31,14,510,16,2575,2575,2575,2575,1,1,1,16
31,14,510,17,1968,1968,1968,1968,1,1,1,16
32,3,515,0,-5187,-5187,-5187,-5187,1,1,1,16
32,3,515,1,410,410,410,410,1,1,1,16
32,3,515,2,537,537,537,537,1,1,1,16
32,3,515,3,-71,-71,-71,-71,1,1,1,16
32,3,515,4,745,745,745,745,1,1,1,16
32,3,515,5,-16,-16,-16,-16,1,1,1,16
32,3,515,6,-4360,-4360,-4360,-4360,1,1,1,16
32,3,515,7,-455,-455,-455,-455,1,1,1,16
32,3,515,8,-3380,-3380,-3380,-3380,1,1,1,16
32,3,515,9,-8331,-8331,-8331,-8331,1,1,1,16
32,3,515,10,-3353,-3353,-3353,-3353,1,1,1,16
32,3,515,11,-3442,-3442,-3442,-3442,1,1,1,16
32,3,515,12,-3889,-3889,-3889,-3889,1,1,1,16
32,3,515,13,-2940,-2940,-2940,-2940,1,1,1,16
32,3,515,14,-10758,-10758,-10758,-10758,1,1,1,16
32,3,515,15,-13187,-13187,-13187,-13187,1,1,1,16
32,3,515,16,-2417,-2417,-2417,-2417,1,1,1,16
32,3,515,17,-963,-963,-963,-963,1,1,1,16
33,1,529,0,-1806,-1806,-1806,-1806,1,1,1,16
33,1,529,1,702,702,702,702,1,1,1,16
33,1,529,2,21,21,21,21,1,1,1,16
33,1,529,3,305,305,305,305,1,1,1,16
33,1,529,4,-1792,-1792,-1792,-1792,1,1,1,16
33,1,529,5,-1173,-1173,-1173,-1173,1,1,1,16
33,1,529,6,3012,3012,3012,3012,1,1,1,16
33,1,529,7,1229,1229,1229,1229,1,1,1,16
33,1,529,8,3219,3219,3219,3219,1,1,1,16
33,1,529,9,-93,-93,-93,-93,1,1,1,16
33,1,529,10,4654,4654,4654,4654,1,1,1,16
33,1,529,11,6122,6122,6122,6122,1,1,1,16
33,1,529,12,-360,-360,-360,-360,1,1,1,16
33,1,529,13,742,742,742,742,1,1,1,16
33,1,529,14,17669,17669,17669,17669,1,1,1,16
33,1,529,15,3142,3142,3142,3142,1,1,1,16
33,1,529,16,6203,6203,6203,6203,1,1,1,16
33,1,529,17,2001,2001,2001,2001,1,1,1,16
33,12,540,0,11196,11196,11196,11196,1,1,1,16
33,12,540,1,-1518,-1518,-1518,-1518,1,1,1,16
33,12,540,2,-1507,-1507,-1507,-1507,1,1,1,16
33,12,540,3,-910,-910,-910,-910,1,1,1,16
33,12,540,4,-44,-44,-44,-44,1,1,1,16
33,12,540,5,1722,1722,1722,1722,1,1,1,16
33,12,540,6,-3279,-3279,-3279,-3279,1,1,1,16
33,12,540,7,-6363,-6363,-6363,-6363,1,1,1,16
33,12,540,8,-3032,-3032,-3032,-3032,1,1,1,16
33,12,540,9,-4474,-4474,-4474,-4474,1,1,1,16
33,12,540,10,-5128,-5128,-5128,-5128,1,1,1,16
33,12,540,11,-6920,-6920,-6920,-6920,1,1,1,16
33,12,540,12,-3483,-3483,-3483,-3483,1,1,1,16
33,12,540,13,-2440,-2440,-2440,-2440,1,1,1,16
33,12,540,14,-18761,-18761,-18761,-18761,1,1,1,16
33,12,540,15,-4716,-4716,-4716,-4716,1,1,1,16
33,12,540,16,47,47,47,47,1,1,1,16
33,12,540,17,-2696,-2696,-2696,-2696,1,1,1,16
34,8,552,0,-348,-348,-348,-348,1,1,1,16
34,8,552,1,793,793,793,793,1,1,1,16
34,8,552,2,-1680,-1680,-1680,-1680,1,1,1,16
34,8,552,3,-801,-801,-801,-801,1,1,1,16
34,8,552,4,-310,-310,-310,-310,1,1,1,16
34,8,552,5,-2102,-2102,-2102,-2102,1,1,1,16
34,8,552,6,-147,-147,-147,-147,1,1,1,16
34,8,552,7,-1393,-1393,-1393,-1393,1,1,1,16
34,8,552,8,5528,5528,5528,5528,1,1,1,16
34,8,552,9,1306,1306,1306,1306,1,1,1,16
34,8,552,10,-704,-704,-704,-704,1,1,1,16
34,8,552,11,-1376,-1376,-1376,-1376,1,1,1,16
34,8,552,12,1170,1170,1170,1170,1,1,1,16
34,8,552,13,-228,-228,-228,-228,1,1,1,16
34,8,552,14,6872,6872,6872,6872,1,1,1,16
34,8,552,15,4768,4768,4768,4768,1,1,1,16
34,8,552,16,3788,3788,3788,3788,1,1,1,16
34,8,552,17,-1272,-1272,-1272,-1272,1,1,1,16
35,7,567,0,-3612,-3612,-3612,-3612,1,1,1,16
35,7,567,1,4133,4133,4133,4133,1,1,1,16
35,7,567,2,677,677,677,677,1,1,1,16
35,7,567,3,-2508,-2508,-2508,-2508,1,1,1,16
35,7,567,4,1785,1785,1785,1785,1,1,1,16
35,7,567,5,-296,-296,-296,-296,1,1,1,16
35,7,567,6,-2081,-2081,-2081,-2081,1,1,1,16
35,7,567,7,-5818,-5818,-5818,-5818,1,1,1,16
35,7,567,8,-110,-110,-110,-110,1,1,1,16
35,7,567,9,-784,-784,-784,-784,1,1,1,16
35,7,567,10,-86,-86,-86,-86,1,1,1,16
35,7,567,11,-5626,-5626,-5626,-5626,1,1,1,16
35,7,567,12,1601,1601,1601,1601,1,1,1,16
35,7,567,13,-1053,-1053,-1053,-1053,1,1,1,16
35,7,567,14,-17536,-17536,-17536,-17536,1,1,1,16
35,7,567,15,-1488,-1488,-1488,-1488,1,1,1,16
35,7,567,16,166,166,166,166,1,1,1,16
35,7,567,17,896,896,896,896,1,1,1,16
